message_id,thread_id,in_reply_to,message_type,narrative_date,provenance,section,offset,recipient,from_display,from_address,subject,body,fact_refs,purpose,expected_face_to_face_action,status,attachments
V2M087,,,welcome,Four days before the anniversary,original,0,,Everyone at Fifteen Years of R,The Metropolitan Review,weekend@metroreview.nyc,"The weekend read: fifteen years of R, and the party nobody can agree about","THE WEEKEND READ

On Friday night about twenty people will ride a freight elevator to the fourth floor of 219 Harrow Street, the old Herald printing floor, put on masks, and raise a glass to a writer none of them can describe. Here is what to know before the arguments start.

WHO IS R?

For fifteen years, investigations have run under one letter. R began with street reporting from downtown blocks the city preferred not to look at, and never really left them: the Housing Authority, housing court, landlords, and the agencies that were supposed to be watching the landlords. The work was solid enough that editors printed it and careful enough that nobody has ever proved who wrote it. In fifteen years there has been no verified face, no legal name, no signed contract and no witnessed moment of writing.

The absence has become a genre of its own. Frankie Lowell, the retired Herald metro editor, has told the story of the first R letter arriving on the metro desk at more dinners than anyone can count. Newsrooms say ""another R"" when a caption claims more than its photograph shows. Colophon Press is putting together an anthology, The R Reader, with an introduction by the essayist Jules Kwan.

Ask around and you get three answers, usually loudly:

One person. A single reporter with good lawyers and better habits.

Several people. A name passed from hand to hand and kept consistent by discipline.

Nobody. A persona run by software, with people supplying legs and a voice when it needs them.

Each answer has believers on Friday's guest list. None of them has proof.

THE HOST

Veridian Dynamics is a small nonprofit that pays for investigative journalism no commercial newsroom will fund, keeps archives nobody else wants, and runs civic-technology projects. It is short of money, which is not a secret to anyone who has been asked for some. Friday is its anniversary fundraiser: drinks, remarks, an auction. Executive Director Arden Bell has promised nothing beyond that.

THE DONOR

Veridian's largest recent donor is Parallax Systems, the New York AI company founded by Dr. Nina Sen. The gift was announced as general support. Critics have pointed out the awkwardness of an AI company underwriting a party for a byline that some people believe is a machine.

THE RUMOR

Over the past six weeks, a story has moved through newsrooms, trading desks and group chats: that R, or someone close to R, has an investigation into Parallax ready to run. About two weeks ago ""R may be looking at AI"" hardened into ""R has written an exposé."" We could not find anyone who has read it. We could not find the first person who said it, either. Parallax has attracted short-sellers before, so some people stand to make money if the story is believed, and others stand to lose a great deal.

VALE

Vale is a reporter who has spent recent months asking people about R. Vale has told several of them, some of whom will be on the fourth floor on Friday, that an announcement is coming, and has said more than once that Vale knows what R is. Vale is on the guest list. Vale did not answer our messages.

THE RECKONING

Last Friday, an account long associated with R posted one line: the anniversary would include ""a reckoning."" The account is genuine. Who wrote the line, and what it means, nobody will say.

THE BLOCK

Harrow Street has its own claim on R. The building, the all-night counter on the corner and the tenants' association have been part of the legend for as long as there has been one, and the neighborhood has opinions about who gets to tell it. Kit Rakes, whose show The Rakes File has argued for years that ""Who is R?"" is too small a question, posted a Harrow Street teaser last week.

THREE QUESTIONS FOR FRIDAY

Who, or what, is R? What is Vale to R? And if an account is promising a reckoning, what is the party really for?

Bring a mask. Bring a theory. Expect to lose it.",,"Shared public premise: R, Veridian, Parallax, the rumor, Vale, the reckoning",Arrive knowing the public story everyone else knows,provisional,
V2M088,,,welcome,Five days before the anniversary,original,0,,Everyone at Fifteen Years of R,Veridian Dynamics,events@veridiandynamics.org,Who you'll meet on Friday,"Arden asked us to send the guest list, so that nobody spends the first hour guessing. Everyone will wear a name card. Here is who is coming.

THE HOUSE

Arden Bell
Executive Director, Veridian Dynamics. Your host.

R'S HISTORY

Frankie Lowell
Retired Herald metro editor. The first R letter crossed Frankie's desk, as Frankie will tell you.

Tessa Quill
Organizer, the Night Desk Collective, a cooperative of reporters, translators, researchers and source handlers.

Jules Kwan
Essayist and critic. Wrote the introduction to The R Reader. Some of you have heard Jules called R's heir.

Robin Velez
Voice performer and synthetic-media artist. Makes voices and doubles, always disclosed.

Dr. Farah Haddad
Digital-preservation archivist, New York Public Library.

TECHNOLOGY

Dr. Nina Sen
Founder of Parallax Systems and Veridian's largest recent donor.

Eli Navarro
Former reliability engineer at Parallax Systems. Kept its AI systems running for years.

Grace Okafor
Organizer, PTWU Local 3, the union for contractors who train, evaluate and moderate AI systems. Local 3 was chartered in this building in 1947.

CITY AND MONEY

Celeste Park
City Hall technology office, attending in a personal capacity.

Graham Pike
Pike Capital. An activist short-seller who bets in public against companies Graham believes are frauds, Parallax among them.

HARROW STREET

Tony Calderón
Calderón Grocery & Package, the all-night counter on the corner. Tony is doing the coffee.

Dee Nowak
Superintendent of 219 Harrow, retiring at the end of June.

Rosa Baptiste
Harrow Street Tenants' Association.

Manny Diallo
Delivery cyclist and freelance fixer who works these streets.

VALE'S CIRCLE AND THE CURIOUS

Sam Vale
Vale's former partner.

Morgan Shaw
Private investigator.

Kit Rakes
Host of The Rakes File.

And Vale, who has promised several of you an announcement.

See you Friday.

-- 
The anniversary committee
Veridian Dynamics",,Public cast list with each guest's public role,Find the people your briefing names,provisional,
V2M041,,,welcome,Six days before the anniversary,original,0,,Everyone at Fifteen Years of R,Arden Bell,arden.bell@veridiandynamics.org,"Friday: the freight elevator, and please wear the mask","Six days out, so the practical things before the sentimental ones.

Doors at six. The address on the card is the loading entrance on the north side — the lobby doors have been chained since the paper folded and the landlord has opinions about who unchains them. Take the freight elevator to four. It is slow and it smells like fifty years of ink and machine oil, and I have decided not to apologise for that. It is the best thing about the building.

It is a masked party. Two people have already written to ask whether I am being cute, so let me answer that plainly: we are marking fifteen years of work published by somebody none of us can describe, and it seemed dishonest to spend a whole evening on that question with all our faces out.

So wear a mask. Any mask. There is a box of plain ones at the door and nobody will think less of you for taking one, least of all me. Otherwise dress for a party, not a wake.

You will also be handed a card with your name on it, and I am going to ask you to actually wear it. A room where nobody knows who anybody is sounds wonderful for about eleven minutes and then it is simply a room where nobody can find you. The mask is for R. The card is for the rest of us.

We are marking fifteen years. That is the whole occasion. There will be no unveiling, no presentation, no reading, and nothing in the programme between the remarks and the auction. I say this because I have now heard three different accounts of what people are expecting. Vale is on the guest list and has told several of you that an announcement is coming. Vale has told me nothing, which is normal for Vale.

There is a bar, there are speeches, and at some point I will ask you for money, which will surprise nobody.

One request. The floor is off the record. Whatever gets said up there stays among the people who heard it until we have decided together what it was worth. Veridian has enough enemies without manufacturing new ones over cocktails.

See you Friday.

— Arden",,Public premise and etiquette before play,Arrive in character and greet the host,provisional,
V2M042,,,historical,"Fifteen years ago, refiled last month",archived,0,,Frankie Lowell,"M. Dowd, Herald copy desk",m.dowd@nyherald.com,"Re: the R piece, second read","Frankie —

Second read is done, marked up, back in your tray. Three things.

One, I took the semicolon out of the fourth graf. You will put it back. You always do.

Two, the tide-table line stays, over my objection, and I want that noted somewhere a person can find it later. ""The water was at the top of its hour and the block was at the bottom of its own."" It is not reporting. Nobody at the Housing Authority said it. But your writer will not cut it, and when I sent the query down the desk phone the answer came back in about nine seconds, which is faster than anyone has answered me about anything in twenty-two years. So it stays. I am told it means something to them.

Three, graf eleven checks. Same as the March one. I sent Dolan to the corner and he came back annoyed, because everything was exactly where the piece said it was, down to the broken hydrant cap and which way the cap points. Whoever this is has stood on that street at four in the morning in the cold.

Run it.

And Frankie — find out who this is before somebody else does.

— M.",V2F045,Give One Human early affirmative texture in the published record,Show the early excerpts to a skeptic and demand they account for the voice,provisional,
V2M043,,,historical,Nine years before the anniversary,archived,0,,Tessa Quill,hexane,hexane@nightdesk.coop,"third pass, going back in the drop","Tessa —

Third pass is in the drop, folder 11, same passphrase as last week, because I am not changing it again at two in the morning.

State of it. I did the Tagalog interviews and the rewrite of everything from the fire door onward. The middle section came to me already worked over — green pen straight through it, somebody's shorthand in the margins that I genuinely cannot read, and then a second set of notes in pencil arguing with the first set. Whoever they are, they are both right, and I have split the difference, which means both of them will be annoyed on Thursday.

I want to raise the thing I keep raising and you keep deferring.

The piece runs under the byline. Fine. I knew that when I took the shift. But we are now at the point where I could not honestly tell you whose sentence the lede is. I wrote a version. It came back changed. It came back changed again. What is sitting in the drop tonight is better than what I put in and I cannot point at the person who made it better.

I am not asking for credit. I am asking whether anybody is keeping track. Somebody ought to be able to say, afterwards, how this was actually made.

Keep the paper copy. Not the scan. The paper.

— h.",V2F046,Anchor the mantle case in a physical mid-corpus artifact,Compare drafting hands with anyone holding earlier or later R prose,provisional,
V2M044,,,historical,Five weeks before the anniversary,forwarded,0,,Robin Velez,Bo Ferrante,bo@ferranteaudio.nyc,Tell me I'm wrong,"E — printouts are in the post, but read this now.

I did the audiobook pickup for the anthology today and I had to read two of the late R pieces aloud for the framing chapter. Robin, they do not scan. I mean that literally. I ran out of breath in the same place in both of them, because the clause structure is identical. Four beats, comma, contrast, stop. Over and over. In a piece about housing court.

Then the printing-floor passage. ""The floor still smelled of ink and hot metal and the particular sourness of paper waiting to be told what to say."" Lovely sentence. That floor was gutted the year before that piece ran — I know because my sister's firm did the asbestos survey and she complained about it for a month solid.

Two possibilities and I do not like either. Either somebody wrote a beautiful sentence about a room they had not been in for years and did not check, or nobody wrote it.

You read voices for a living. I read them for money, which is a different job. Tell me I'm wrong.

> ---------- Forwarded message ----------

> From: collections@rasterhouse.audio · Subject: R anthology — framing chapter pickup

> Bo — attached, the two late selections for the read. Client wants them warm, not reverent, and asks that we not ""over-perform the interiority."" Session Thursday 10a, Studio C.

— Bo",V2F047,Give the synthetic and progressive cases a late-corpus tell,Read the passage aloud to someone who knew the building and watch what they correct,provisional,
V2M045,,,historical,Two years before the anniversary,archived,0,,Tony Calderón,Voicemail — Benny Osorio,,[Voicemail 4:11] transcript,"Automatic transcription. Accuracy not guaranteed. Audio retained 90 days.

""Tony — Benny. It's — I don't know what time it is there, I keep doing this to you.

Listen, I'm gonna tell you the thing I wouldn't tell you at the counter because Marisol was standing right there wiping the same spot for ten minutes.

That client I had. The envelopes. You remember I told you I never saw a face. Here's what I didn't say. Same envelope, right? Same envelope. He pays me to hand it to a guy on Chambers. The guy on Chambers hands it to a girl on Reade. The girl on Reade brings it back around to a box four blocks from where I picked it up. Double rate. Every single time. I said to him one time, buddy, I could walk this in six minutes, and he goes — he goes, the six minutes isn't what I'm buying.

And then the one time. He gives me two hundred to find two guys to sit in the diner on Duane at eleven, with papers, looking [inaudible] looking busy. Like a meeting. Two hours. They didn't know what it was for. I didn't know what it was for. I still don't.

I laughed about that for years, Tony. Told it at Ceci's wedding. I'm not laughing this week.

Anyway. It's warm here. My knee's better. Call me.""",V2F048,Let single authorship survive collaboration evidence via staged cover,Trade the courier story to whoever needs the lone-author theory rescued,provisional,
V2M046,,,historical,Five weeks before the anniversary,archived,0,,Sam Vale,Vale,v@rampartmail.ch,(no subject),"I am going to write this badly, because if I make it sound reasonable I will delete it.

Tuesday I opened the drafts folder and there was a session listed from a device called MBP-7. I do not own a device called MBP-7. I have never owned a device called MBP-7. I signed everything out, rotated everything, did the whole ritual, and the helpdesk man was very kind to me. Fine. People get phished. That is not the part.

The part is the third paragraph of the Hollis piece. I left it broken. I knew it was broken. I was going to fix it on the train. When I opened it, it was not broken. Same argument, same two quotes, reordered. Tighter. Sam, it is better than what I wrote. I sat in the kitchen and read my own paragraph improved and my hands went cold.

There are four boring explanations and I have had all four read to me in a patient voice. Autosave version merge. A tab open on an old machine. Exhaustion. Me, doing it, and not remembering doing it.

I am not asking you to believe me. I am asking you to keep this. If I sound crazy, keep this anyway — dated. If I stop sounding crazy, you will know when it started.

I am sorry about Thursday. I will call.

— V",V2F049,First escalating incident: electronic anomaly with innocent readings,Decide whether to show Vale's fear to Morgan or keep protecting Vale's privacy,provisional,
V2M047,,,historical,Two weeks before the anniversary,forwarded,0,,Morgan Shaw,"K. Brayfield, Brayfield Associates",intake@brayfieldassoc.com,RE: interim report — additional material,"Shaw,

Two items, attached, both received from our client and transmitted without comment on our part.

First, two photographs. The same vehicle, roof-mounted camera unit, parked on the north side of the street outside two locations your subject attended. The timestamps are ten days apart. Our client's covering note reads, in full: ""Not the same street. Same car.""

Second, a registry extract for the plate. It resolves to Halyard Fleet Leasing LLC, a Delaware entity dissolved in March of last year. Our client has asked us to underline that a dissolved entity cannot renew a registration.

Our client's expectation — and we are quoting the instruction rather than endorsing it — is that this material appears in the interim report as observed surveillance, and that the report reflects the subject's downtown movements. Our client would also like to know why the previous report did not.

We remind you that we are instructed not to identify our client, and that we do not ourselves hold their identity beyond the retainer instrument and a funding account.

Invoice 4 is approved and will fund Friday.

Regards, K. Brayfield — Brayfield Associates",V2F050,Second escalating incident: surveillance with a planted-lead caveat,Ask Celeste or Rosa to trace the shell before trusting the client's framing,provisional,
V2M048,,,historical,Nine days before the anniversary,system,0,,Dee Nowak,Castellane PM — Claims (automated),claims-noreply@castellane-pm.com,[AUTO] Third-party contact notice — ref HS-3062-C — RETAIN,"THIRD-PARTY CONTACT NOTICE — RETENTION REQUIRED

Property: 219 Harrow · loading and service crossing, level G

Reference: HS-3062-C

Site contact of record: NOWAK, D.

An autonomous last-mile delivery unit operated by Lodestar Logistics under vendor agreement 5530 made contact with a bicycle at the level-G service crossing. Vendor telemetry places the unit at the crossing at the time of contact. The crossing is not on the unit's filed route for that shift. The vendor has been asked to account for the deviation and has not responded inside the five-day window.

Cyclist: unidentified. Declined medical attention. Declined to provide contact details. Departed the site before the site contact attended. No property damage recorded. No injury recorded, on the cyclist's own statement to a bystander.

ACTION REQUIRED: retain all camera media, access logs, work orders and written notes covering thirty minutes either side of the contact time, pending liability review. Do not discuss this incident with the vendor, the vendor's insurer, or any third party.

This notice is generated automatically. Replies to this address are not monitored.

Castellane Property Management — Claims",V2F051,Third escalating incident: physical automation contact near Vale's route,Ask Tony and Rosa who the cyclist was before anyone else asks you,provisional,
V2M049,,,historical,Three weeks before the anniversary,disputed,0,,Kit Rakes,rakesfile tip line (automated),tips@rakesfile.show,submission 1194 — no contact path,"AUTOMATED INTAKE — rakesfile tip line

Submission 1194 · received 03:14 EDT · contact provided: none · attachments: 1 (scan, one page, 400dpi)

Sender path: drop form, exit node, no session cookie, no prior submission from this fingerprint, no subsequent.

Message body as submitted: [empty]

OCR of attachment follows. Line breaks approximate. Confidence 0.94.

""—— and the second thing they tell you, once they have decided you are safe, is the thing they told nobody at the hearing. You do not get it in the office. You get it on the sidewalk, in the ninety seconds between the door closing and the car door opening, because the sidewalk is the only room in this city that nobody owns.

I have stood on that sidewalk four times this year. Twice I was lied to. Once I was told something true by a person who did not know it was true. And once ——""

[page ends mid-sentence · no byline · no slug · no date · no folio · no second page submitted]

AUTO-FLAG: no return path recorded. This submission cannot be answered.",V2F052,Give Kit a checkable artifact bearing on Vale's relationship to R,Ask Frankie or Dorian to test the cadence against what they hold,provisional,
V2M050,,,historical,One week before the anniversary,recovered,0,,Tessa Quill,q. — Night Desk accounts,accounts@nightdesk.coop,Q3 reconciliation — two lines I can't close,"Tessa,

Reconciliation is done except for two lines, and I would like a decision from you rather than making one myself and having you find out in March.

First. The drop's disbursement schedule and the collective's roll do not agree, and they have not agreed for a long time. There is a payee handle — SORREL — drawing from the drop across roughly six years. Never through the roll. Never against a contributor number. Small amounts, irregular, always shortly after a filing lands. I went back to the paper strips in the box because the ledger software only holds four years and I wanted to be sure it was not an artefact of the migration. It is not.

Second, and this is the part I actually want you to look at. SORREL's active weeks are wrong. Long dead stretches — five, seven, once eleven weeks of nothing at all — then three or four consecutive weeks of drawing, then nothing again. That is not how any of our people work. Our people are paid when they file, our people file when they are working, and our people work continuously because they need to eat.

I am not asking who SORREL is. I have been here long enough to know better.

I am asking whether you want the strip in the box or in the shredder. If we are ever audited, that strip is the single document that makes the drop look like a payroll.

It is on your desk in the meantime.

— q.",V2F053,Make Vale-as-mantle-holder arguable and Ballot 2 contestable,Decide whether protecting payment routes outweighs correcting Vale's outsider story,provisional,
V2M001,,,live,,original,1,00:00,Everyone at Fifteen Years of R,R.,r@postmark.nyc,a reckoning,"Fifteen years.

You have all been very generous about the parts you did not see. I have read the programme. It is a lovely piece of writing and it is about a person who may not be in the room.

Three of you are going to spend tonight telling a story about meeting me. All three are true in the way a photograph is true.

Vale promised you an announcement. Vale is not there.

Before you toast fifteen years of something, decide what you are counting. The byline. The work. The habit of not asking.

I'll be along.

R.",V2F040,Open the identity and Vale questions without mentioning a finished article,Find the person whose claim about R most threatens your own,provisional,
V2M002,,,live,,original,1,04:00,Arden Bell,"Priya Raghunathan, Veridian Archives",p.raghunathan@veridiandynamics.org,"R letter — intake done, and one thing you won't like","Arden,

Intake on the letter packet is finished and the report is in your drive. Short version, for the programme: stock, ink and fold pattern are all consistent with the period. Rag content is right. The foxing is the right age and in the right places. The envelope gum has aged the way gum from that decade ages. I am comfortable saying the object is what it appears to be, as an object.

What I will not put in writing — and I am being blunt because I know what happens to my sentences once they reach a podium — is anything about who wrote it, who addressed it, or who carried it. Period-consistent paper is period-consistent paper. A person could have bought a ream in 2009 and written on it last spring.

Separately, and I debated telling you tonight rather than Monday. While I was pulling the Herald deposit for the folds comparison I ended up in the old expense binders, and there is a reimbursement in Lowell's name for the week in question that puts them somewhere other than the desk they describe.

I am flagging that to you, not to him, and not to the programme committee. It may well be nothing. Expense claims are filed late by people who are lying about lunch.

Tell me how much of this you want said out loud on Friday, and I will draft the sentence so at least it is my sentence.

— Priya",V2F001;V2F002;V2F003,Make Arden trade archive limits rather than simply endorse Frankie,Decide what to show Frankie and what Veridian needs in return,provisional,
V2M003,,,live,,original,1,07:00,Frankie Lowell,+1 (917) 555-0143,,(no subject),"Vale asked you a question in the autumn and you have been answering it in your head ever since.

Not whether you met R. Whether you remember meeting R, or remember telling it.

Vale said the difference would matter tonight. Vale isn't there to press it.

Somebody will.",V2F021,Challenge memory without disproving the human origin,Seek corroboration or confront someone who knows Vale's methods,provisional,
V2M004,,,live,,original,1,10:00,Tessa Quill,Night Desk relay — sender withheld,relay@nightdesk.coop,relay 0219 — read now,"[NIGHT DESK RELAY. Sender key verified. Sender identity withheld at sender's request. Do not reply from this device. Relay closes in 90 minutes.]

Tessa. I know where you are tonight and I know what is on the table.

Somebody put the anniversary in my feed with a guest list attached, and there are four names on that list who have asked me questions in the last six years without knowing they were asking me. I sat down on the floor of my kitchen. That is not a figure of speech. I actually sat down on the floor.

Here is what I need you to understand about the routing slip. To you it is a workflow record. To a room full of people trying to work out who R was, it is a list of candidates. Every initial on it becomes a name somebody tries to fill in, and the one who gets filled in first is whoever has the least ability to say no.

And whatever you told the woman in the Bronx all those years ago — I know why you told it, and I know it worked, and I have never once held it against you. Do not tell it again to a room that will repeat it.

You said the drop existed so that no single person could ever be the story. Please do not let tonight be the night the drop becomes the story.

I am not asking you to lie. I am asking you not to be generous.",V2F004;V2F005;V2F006,Tie mantle disclosure to source protection,Negotiate a disclosure boundary with Grace or Arden,provisional,
V2M005,,,live,,original,1,13:00,Grace Okafor,"D. Ibarra, PTWU Local 3",d.ibarra@ptwu.org,"re: Friday — she'll talk, with conditions","Grace,

Spoke to her twice. She will do it, and I want you to hear how she framed it, because I think the framing matters more than the substance.

She said: ""I'm not afraid of Parallax. Parallax already fired me. I'm afraid of being the human in the loop."" Then she explained what she meant, and I wrote it down as close as I could get it. The moment anything goes wrong with one of those systems, the company's whole story is that a person was checking. And she was the person checking. So if this reporter turns up dead and a machine did it, somebody is going to want the name of whoever was supposed to be watching the machine.

Her conditions. She was very clear and these are not negotiable.

1. In writing. Not a promise in a hallway. In writing, signed, tonight.

2. Her name is never used to identify R, and never used to explain what happened to the reporter. She wants those written as two separate promises, because she says people will keep the first one and break the second.

3. She keeps the right to withdraw everything, at any point, up to publication.

She has the shift logs and the instruction sheets. Four sets, four supervisors, inside eleven months. That is the thing everybody in that room wants and she knows it.

Get it in writing, Grace. She has already lost a job over this.

— D.",V2F041,Create a non-mystery commitment before worker evidence moves,"Seek a written protection from Veridian, Parallax, or City Hall",provisional,
V2M006,,,live,,system,1,16:00,Tony Calderón,Tillwise House Accounts,noreply@tillwise.app,Account HOUSE-041: 6 statements unpaid,"TILLWISE — HOUSE ACCOUNTS

Calderón Grocery & Package (Store 1) · Account HOUSE-041 · Label: ""R""

Status: PAST DUE (2,187 days) · Balance $1,904.15

This account has been flagged automatically because the balance exceeds your dunning threshold and the account carries no phone number, no email address and no identification on file.

Account summary, generated for your records:

Opened 14 yr 9 mo ago · 1,431 transactions · 9 distinct authorised pickups

Recurring line item, 612 occurrences: ""BEC no pepper, cut in half, wrapped separate""

Recurring line item, 588 occurrences: ""coffee, black, 2 cups, 1 lid""

Longest gap between transactions: 41 days · most recent transaction: 6 mo ago

Suggested actions: send to collections · write off · request settlement · export statement.

You have exported this account's statement three times in the last thirty days. Exports are logged.

Reply STOP to stop these notices.",V2F007,Activate debt and ledger leverage,"Approach Morgan, Graham, Frankie, or Rosa with bounded terms",provisional,
V2M007,,,live,,system,1,20:00,Graham Pike,Aperture Risk — Alerts,alerts@aperturerisk.com,PLLX — alert 3 of 3 today (narrative velocity),"APERTURE RISK · WATCHLIST ALERT

PLLX (Parallax Systems, Inc.) — private secondary marks

Trigger: narrative velocity, four-day, 92nd percentile.

Mentions of ""R"" together with ""Parallax"" across monitored channels: +680% over 28 days.

Share of those mentions using completed-tense language — ""has written"", ""the exposé"", ""the piece"": 71%, up from 9%.

Earliest completed-tense instance in our corpus traces to a private-channel repost of your own remarks of 14 August.

Secondary marks: −11.4% over 28 days. Two crossing desks have withdrawn indications. Borrow is tightening; three lenders now quote recall risk.

Zero (0) monitored channels reference a document, a filing, a title, a length, a publication, or a named recipient.

COMPLIANCE NOTE (auto-attached where client notional exceeds 2%): where a client's own commentary appears in the earliest recorded instance of a trending claim, the client is reminded that subsequent repetition of that claim by unaffiliated parties does not constitute independent corroboration for the purposes of a published thesis.

Position marked to model. Next alert on trigger.",V2F035;V2F039,Force Graham to choose between provenance and amplification,Recruit belief or disclose how the tip actually spread,provisional,
V2M008,,,live,,system,1,24:00,Kit Rakes,Nadia Ozdemir,nadia@rakesfile.show,don't do the invitation bit tonight,"Kit — I know you are in the room, I know you hate being managed, read it anyway.

I called the printer. Not a printer. THE printer. Ostrander Press on Vandam, they have done Veridian's paper for eleven years. I told them I was a design student, which, fine, judge me later.

They sent the production file and the make-ready sheets. The marks you circled are on every sheet in the run, including the forty-one waste sheets pulled before anybody approved anything. They are registration errors. The second-hit plate on that press has been out by a hair since a bearing went last year and they have been nursing it because a new one is eleven thousand dollars. The man on the phone was almost proud of it. He said, tell your professor that's what a tired Heidelberg looks like.

The QR is a QR. It goes to the RSVP page. I scanned it. It went to the RSVP page.

I am not telling you what to do. I am telling you that if you say it on that floor tonight, somebody standing there already knows, and they will let you finish first.

Please text me.

— N.",,Begin visible disproof of one false theory,Correct the claim or reinterpret the disproof in public,provisional,
V2M053,,,live,,original,1,27:00,Frankie Lowell,+1 (917) 555-0143,,(no subject),"Since you are still standing there thinking about it.

There is a person who has been sending R a question for fourteen years. Handwritten. A different question every time — they change the rule, they have never told anyone the rule, they have never written it down anywhere but the paper they send.

Fourteen years of correct answers. Not close. Correct.

Ask yourself what kind of thing does that. A committee cannot. A committee would have to write the rule down, and the moment it is written down it is on a drive and somebody else has it. Whatever else was going on around your byline, something on the far end of that was keeping a private promise for fourteen years, in its own hand, through routes nobody has ever found.

Grace Okafor is holding the answers. Grace will not open them for you, because Grace protects people and you have never in your life protected a source you could have quoted instead.

So bring something real.",,Tease the private-continuity chain early so One Human survives Section 1,Seek Grace and offer something real for a bounded look,provisional,
V2M009,,,live,,original,1,29:00,Rosa Baptiste,Yaz Ferreira,yaz@harrowtenants.org,somebody's paying for names,"Rosa —

Two things, and then I have to get the twins down.

A man came into the laundromat Tuesday and again yesterday. Not a cop; cops do not buy the wash-and-fold. He is asking who holds keys to the service side of 219 and who lets people through it. Yesterday he offered Ruben four hundred dollars for ""a name."" Ruben took the coffee and gave him nothing, and then Ruben came upstairs to me shaking, because Ruben is on a lease his sister signed.

Second, and this is the part I want you to sit with. Dee has been in the basement office with the door shut for three days. Tony has been telling the same story to everybody who walks in, which is what Tony does when scared, not when proud. Whatever is coming, it lands on those two first, and neither of them can afford a lawyer for an afternoon, let alone a year.

You are going up there tonight with all of them. The Foundation, the city, the AI woman, the money.

Everybody is about to want something off this block. Please do not let them have it for free again.

— Yaz",V2F042,Activate Rosa before late physical evidence,"Broker terms with Morgan, Arden, Celeste, or Grace",provisional,
V2M038,,,live,,system,1,33:00,Dee Nowak,"Ruth Okonkwo, Castellane PM",r.okonkwo@castellane-pm.com,"Q3 camera audit — 219 Harrow, item 6","Dee,

I would rather you heard this from me than found it in the packet.

The Q3 media audit came back with six exceptions across the portfolio. Five are the usual: clock drift, a dead injector, somebody's dome pointed at a wall. Item 6 is 219 Harrow. There is a continuous interval on the level-G corridor and the service door with no retained media. The retention job ran. The job reports success. There is nothing in the bucket for that interval.

I want to be straight with you about how this reads from the twelfth floor. It is a gap on the service side of a building that is currently inside a claims review, in a week when a person the newspapers care about was walking around that neighbourhood. Nobody upstairs is saying ""deliberate."" They are saying ""unexplained,"" which is the word they use immediately before the other one.

You have been there nineteen years and I have never once had to ask you for anything twice, so I am asking once. Give me something to put in the explanation field. Equipment fault, contractor, power event, a work order, anything with a date on it.

If I file it blank, the insurer chooses the explanation, and the insurer has never met you.

I need it before Monday.

— Ruth",,Give Dee an early reason to seek protection before the route reveal,Approach Rosa or Morgan and negotiate how the gap will be described,provisional,
V2M040,,,live,,original,1,35:00,Arden Bell,"Priya Raghunathan, Veridian Archives",p.raghunathan@veridiandynamics.org,"cartridge 7 — you should see this tonight, not Monday","Arden — I know you are on the floor. Read this before somebody asks you a question you cannot answer.

The tape migration from the Fulbright bequest finished this afternoon — the lot we took in 2019 and never had the money to process. Eleven cartridges out of a decommissioned hosting cage, mostly billing junk and somebody's photograph library.

Cartridge 7 has a server manifest on it. It is a plain inventory — process names, allocated memory, checkpoint intervals, a constraints file. One entry is a long-running persistent process, and the operator label on that entry is the single character R.

The constraints file is what made me sit down. It is a short list of style rules for output. No first person in a closing paragraph. No adjective before a number. Names on second reference only after a physical description. Arden, I have read a great deal of R and those are R's rules. They are the ones critics write essays about.

The manifest's write date is fourteen months before the first published piece under the byline.

Now let me be careful, because I know how this will travel. It names no designer, no owner, no author. R is one character. It could be a rack, a room, a person's initial, a revision letter. A manifest is an inventory, not a birth certificate, and I have no idea what that process produced, if anything.

But somebody will say it out loud eventually, and I would rather it was us, correctly, than someone else, badly.

Tell me what you want done with cartridge 7.

— Priya",V2F044,Give Synthetic Origin a late origin-specific affirmative trace,Bring Eli and Tessa into a bounded provenance comparison,provisional,
V2M010,,,live,,system,1,38:00,Everyone at Fifteen Years of R,Veridian Dynamics — house staff,floor@veridiandynamics.org,from the host — please read before the programme,"Sent on behalf of the Executive Director to all guests on the floor.

Three separate guests have now asked our staff where ""the reading"" is happening, and one has asked to be seated near it. There is no reading. There is no presentation, no unveiling, no document and nothing in the programme between the remarks and the auction.

We are putting that in writing because the question has been asked in three different forms in ninety minutes, and each asking makes the next one sound better sourced.

If you have been told otherwise, we would gently suggest asking the person who told you what they personally saw. Not what they believe. Not what they heard. Not what somebody they trust is confident about. What they saw, with their own eyes, and when.

Spare masks and blank name cards are on the desk by the coat room. Several guests have mislaid a card already and one has mislaid a mask, which we are choosing to find funny. The bar is open until midnight. The coat room is behind the press hall. The freight elevator is temperamental; if it stops between three and four, press four again and wait.

Veridian Dynamics, house staff",V2F035;V2F036;V2F039,Lock article ambiguity and redirect attention to rumor provenance,Ask a claimant what they personally saw rather than whether they believe,provisional,
V2M011,,,live,,original,2,00:00,Everyone at Fifteen Years of R,R.,r@postmark.nyc,one voice,"Somebody downstairs is telling the story about the diner again.

I want to be fair to the three of you who have described meeting me, because you were all telling the truth. You were in a room. Somebody was across the table. The coffee was real.

One of those rooms was booked. One of those rooms was borrowed. One of those rooms was paid for, and I do not mean the coffee.

You are all wearing masks tonight, which I appreciate rather more than Arden intended.

A voice can be inherited. It can be rehearsed. It can be generated. From the outside all three sound like conviction, which is the entire trouble with conviction.

Compare what you actually encountered before you repeat what you believe about it. Ask each other about the hands. People never think to lie about the hands.

R.",V2F012;V2F013,"Open embodiment, mantle, and synthetic interpretations equally",Compare firsthand encounters and production processes,provisional,
V2M012,,,live,,system,2,04:00,Jules Kwan,Kestrel Mail — Support,support@kestrelmail.io,[#88214] your request re: message 0f2a9c — partial response,"Hello,

Ticket #88214. You asked us to confirm details of a message delivered to your address from an account on our service. Here is what we can and cannot do.

What we can confirm, and will confirm in a signed attestation if you request one ($40, three to five business days):

The message was composed and queued eleven days before its delivery timestamp. Our scheduled-send window is capped at twelve months.

It was queued in a single session, from a client using our web composer.

The sending account has been continuously active on this service for nine years and two months and has never lapsed.

The account is configured for maximum privacy under our older policy. That configuration cannot be changed retroactively and predates our current logging.

What we cannot do, and will not do at any price: identify the account holder, produce an address or device record from a session that occurred before our current retention policy, or attest that any particular human being composed a given message. We do not hold that information. We designed the product that way and we are not going to pretend otherwise now that it has become inconvenient for somebody.

One further note, included because our disclosure policy requires it. A separate party has submitted a request for the full headers of this same message, ticket #88301. That request is pending. We do not disclose requester identity, to you or to them.

Kestrel Mail Support",V2F009,Put the succession message into voluntary circulation,Choose an examiner and negotiate the scope of their conclusion,provisional,
V2M013,,,live,,original,2,07:00,Eli Navarro,W. Tran,w.tran.9@mailfence.com,don't do it in one piece,"Eli — do not reply to this address, and do not delete it either, because you are not the sort of person who deletes things and I would rather you were consistent.

I heard where you are tonight and who is going to be in that room. So, unsolicited, from somebody who watched you write incident reviews for four years:

You know three things and they are not one thing.

You know the process could hold a persona across operators and migrations. That is the charter. Anybody could learn it from the charter.

You know it had access overlapping accounts you were not supposed to be looking at. That is an access record, and it is the one that ends careers, starting with yours.

You know something ran in the gap and pulled in material that was not queued. That one is genuinely interesting, and it is also the one with a boring explanation sitting right beside it, and if you say the interesting half first, nobody in that room will ever hear the boring half again.

Say them separately or do not say them at all. Put all three in one sentence and the sentence means ""the machine did it,"" and you will never get it back.

One more thing. Ask Sen for the authorisation chain, not the approval. They are different documents. The approval is the one they show you. The chain is the one with the second signature on it, and you have never seen the second signature.

Good luck. Eat something.

— W.",V2F015;V2F016;V2F020,Prevent a single technical proof dump,Trade one log excerpt for authorization or corroboration,provisional,
V2M014,,,live,,system,2,10:00,Robin Velez,Meridian Merchant Services — Records,records@meridianms.com,Records request MR-20441 — partial fulfilment,"Re: records request MR-20441 · merchant: VELEZ, R. (sole proprietor, closed 2021) · status: PARTIAL, see redactions.

Dear Velez,

We have located one settlement matching the reference and date range you supplied. A redacted export is attached. Under our disclosure policy we release only fields relating to the requesting merchant's own side of a transaction.

Released: settlement date, amount and fee schedule; originating processor and rail; two intermediary handling codes; the descriptor as it appeared on your statement.

Withheld: funding account holder name, address and tax identifier; any onward or upstream party.

One field requires a note. The second intermediary handling code on this settlement (MID 44-7719-C) was assigned to an entity that later appears in our system under a different registered name. Our records show the descriptor associated with that identifier changed twice in the four years following your settlement. We are permitted to tell you the code was reused. We are not permitted to tell you by whom.

We are further required to inform you that this is the second request our office has received referencing MID 44-7719-C in the past ninety days.

The prior requester was not you.

Meridian Merchant Services — Records & Disclosures",V2F014,Connect performance to succession without authenticating either,Compare O04 with Jules under terms Robin controls,provisional,
V2M015,,,live,,original,2,13:00,Dr. Nina Sen,"A. Nkemdirim, Parallax OGC",a.nkemdirim@parallaxsystems.com,Privileged — your question from the car,"Nina — privileged and confidential. Do not forward this and do not read it aloud to anybody.

You asked me to tell you tonight exactly how far your signature reaches. Here it is without the hedging you pay me for.

Your signature is on the parent authorisation for the continuity programme. It is a good signature. It is scoped, it has a stated purpose, and it carries a review cadence that was, for the record, never once convened.

Your signature is not on any subsequent access grant. I have looked at all of them. There are eleven grants under that programme and every one was countersigned at director level under the delegated authority the parent authorisation created. Which is to say: you did not approve them, and you built the mechanism that let them be approved without you. In a deposition those are the same sentence.

The specific grant you asked about — the temporary external credential — was raised on a Thursday and issued the same afternoon. The requesting note says ""per City Hall."" It does not say who at City Hall. There is no calendar entry on our side, and I am told there is none on theirs either.

Nina: I cannot bound your exposure from our documents alone. Somebody else is holding the other half of this, and I would very much prefer to learn who from you than from a journalist.

Do not discuss it with Park unless I am on the call.

— A.",V2F017;V2F029,Create a responsibility bargain rather than a villain reveal,Seek Celeste and decide what responsibility to share,provisional,
V2M016,,,live,,original,2,16:00,Celeste Park,"T. Reyes, DoITT Records Retrieval",t.reyes@doitt.nyc.gov,RE: your ticket (please read the last paragraph),"Park,

Following up on the recovery ticket. Two notes: one procedural, one I think you will want before Monday.

Procedural. The item is recoverable. Deleting an appointment from a city calendar removes it from the view. It does not remove it from the journal, the invitees' copies, the notification record, or the retention snapshot, which for your office runs nightly and holds seven years. I had it back out of the snapshot in about four minutes.

The item reads: ninety minutes, no room booked, no agenda, three attendees by initials, one flagged external. It carries your organiser flag. The deletion is stamped nine days after the meeting date.

A second item in the same window carries a deletion stamp from the same session: forty minutes, attendees not listed, subject line ""PLLX — posture.""

The part I think you want. This is the second retrieval performed against your calendar for that quarter. The first was in June, requested through Law under a preservation hold. I have no visibility into the matter, and the hold is still open, which means everything in that window — including the item you have just asked me to recover — was preserved before you asked.

I am required to log this request as I logged that one.

Regards, T. Reyes — DoITT Records Retrieval",V2F029;V2F038,Force Celeste to bargain across politics and Parallax,Compare records with Nina or set disclosure terms with Sam,provisional,
V2M017,,,live,,original,2,19:00,Frankie Lowell,"Bea Okonjo, Veridian oral history",b.okonjo@veridiandynamics.org,the phrase from your letter is in the Kwan message,"Lowell,

You told me in the spring that if I ever came across the phrase again I was to tell you immediately and not wait for the transcript to be checked. So.

I have been keying the facsimile of the letter for the oral-history file. Your letter uses the construction ""what the record will not say for itself."" Twice — once in the second paragraph and once at the close.

Somebody showed me the printout of the message that named Kwan. It uses the same construction. Not a paraphrase. The same six words in the same order, in the same position, at the close.

I got excited, and then I made the mistake of mentioning it to Navarro by the elevator. He asked whether I had ever seen the output of a recommendation model, and when I said no, he said the construction is a common shape — clause of negation, abstract subject, deferred verb — and that machines produce it constantly because it scores well.

So now I do not know what I have found. Two people can use the same six words. A machine can produce them. Somebody could have copied them out of the letter, which has been framed on a wall at three fundraisers where half this guest list was standing.

I still think you ought to know it is the same six words.

— Bea",V2F010,Give Frankie a choice between supporting succession and defending origin,Compare O01 and O03 with Jules and Eli,provisional,
V2M018,,,live,,original,2,22:00,Tessa Quill,obelisk,obelisk@nightdesk.coop,the gap you asked me to pull,"T —

Pulled the interval. I am going to describe what is there and not what it means, because you already know what I think and it is not useful to you tonight.

Window is thirty-one hours. Inside it the drop shows eleven authenticated sessions, four filings, two edits to a filing that was already closed, and one outbound to a route we do not use for filings.

Against the roll: nobody. Not one person on the schedule you gave me was available. Ines was on a plane and has the wifi receipt. Two were at the funeral. The Chicago three were in a basement with no signal and I have their complaint about it in writing, at length.

Two things to hold on to before somebody else describes this to you.

One. The edits were not cosmetic. Something in there references a filing that landed on the wires nine hours into the window. Whatever made those edits was reading the news.

Two. The roll you gave me is the roll you gave me. I can tell you that everybody on the paper was elsewhere. I cannot tell you there is nobody who is not on the paper, and you and I both know there are people who have never been on the paper and never will be.

Your call what you do with it. Keep my handle off it.

— o.",V2F018;V2F020,Make Tessa's source protection sustain both mantle and AI possibilities,Decide what boundary to confirm without naming people,provisional,
V2M019,,,live,,original,2,25:00,Arden Bell,"Sasha Meline, Veridian Development",s.meline@veridiandynamics.org,someone's asking about clause 6 and it isn't Parallax,"Arden — I am three metres from you and I am emailing because I do not want to say this in the room.

I have just taken a call on my mobile from a number I do not know. Man, polite, would not give an organisation. He asked me — carefully, the way people ask when they already know the answer — whether the Parallax gift agreement contains a provision permitting suspension in the event the grantee presents unauthenticated technical claims as fact.

I said I do not discuss gift instruments. He said, and I wrote it down: ""I am not asking you to. I am asking whether it would be Dr Sen who invokes it, or whether the board could be made aware of the provision by another route.""

Arden, he knew the shape of clause 6. He may know the number.

I rang the Parallax programme officer to see whether they had fielded anything. She was pleasant and genuinely confused and said no request had come from their side. Then she said something odd. She said the last people to ask them about the gift language were at the city, in July, and she had assumed we knew.

I do not know who is doing this. I do know Celeste Park has been standing by the freight elevator for twenty minutes.

Two donors have asked me tonight whether the gift is clean. I have been saying yes.

— Sasha",,Escalate funding pressure without proving a culprit,Confront Celeste about the routed inquiry and decide whether to disclose the restriction,provisional,
V2M020,,,live,,original,2,29:00,Grace Okafor,"D. Ibarra, PTWU Local 3",d.ibarra@ptwu.org,re: re: Friday — she got the sheets out,"Grace — she rang me back. She had gone and got the box out of her mother's basement, which tells you how she is feeling tonight.

Four instruction sheets. Same programme, eleven months apart at the ends. I made her read me the persona sections down the phone.

Sheet 1: ""Voice: direct, first person where natural. Prefer concrete detail. Do not soften.""

Sheet 2: the same, plus ""Maintain continuity of prior stance. Do not contradict earlier positions.""

Sheet 3: a different supervisor's initials. ""Voice: measured, institutional. Avoid first person. Avoid speculation.""

Sheet 4: ""Restore Sheet 1 voice. See attached samples."" The attached samples are not in the box.

The thing that stayed with her is that between sheet 2 and sheet 3 the flags she raised stopped being answered by the same person. Same queue, same interface, same everything, but the replies changed hands and nobody told them.

Here is my worry, and I want you to have it before you use any of this. She can prove that a person was told to make a voice sound like a person. She cannot prove whose voice, or what was at the other end of that queue, or who wrote the sheets. If somebody in that room takes it and says ""see, humans were running R,"" or takes it and says ""see, they were training a machine,"" she will be standing behind both of those sentences and she said neither.

Still nothing in writing from anybody. What am I telling her?

— D.",V2F041,Strengthen Grace's relevance to mantle/AI distinction,Trade bounded testimony only after securing commitments,provisional,
V2M021,,,live,,original,2,33:00,Tony Calderón,Morgan Shaw,mshaw@shawinvestigations.nyc,"a narrow question, and what I'll pay for it","Calderón,

We spoke for about ninety seconds by the coats and you were civil to me, which is more than I usually get, so I will be brief and specific.

I do not want your ledger. I do not want a customer's name. I do not want you to tell me a story about who came in at four in the morning.

I want one date. I will take a range.

Somewhere in the last few years the pattern on that house account changed. Something in the standing order, or the pickup, or the wording of the instructions. Six people have told me it changed, no two of them agree within eight months of each other, and every one of them is remembering rather than reading. You are the only person I have found who wrote anything down at the time.

What I am offering: I look at a strip you prepare yourself, with everything you want covered, covered. You keep the book. I take a date and a line that reads ""per merchant records, single source, uncorroborated."" Your name goes in my file and nowhere else, and if my client wants it, my client can want it.

What I will not do is call whoever held that account R. I have told you that already. I will put it in writing if writing helps.

If it is not worth it to you, say so plainly and I will stop asking. I am at the far end of the bar.

— M. Shaw",V2F008,Create a clean PI/local bargain,Negotiate ledger access and attribution with Morgan,provisional,
V2M022,,,live,,original,2,37:00,Graham Pike,@merrow,,(no subject),"you there

my people will take the whole position off you at your entry. all of it. today's marks, no haircut.

one condition. i need a named technical source — real name, real employment history at PLLX, someone a journalist can ring — on record saying the persona operated without a human directing it.

that is the sentence. ""operated without a human directing it."" i do not need a date. i do not need a duration. i do not need them to say when it started or how long it went on or whether it is still going. one sentence, present tense, no qualifiers.

before you get precious about it: you have already told three people it moves on its own. you just did not sign it.

the engineer is in that room tonight. i am told they are the one not talking to anybody.

offer is good until the room empties.",V2F016;V2F018,Tempt Graham to distort Eli's qualified evidence,Pressure or protect Eli and face provenance challenge,provisional,
V2M052,,,live,,original,2,39:00,Graham Pike,"T. Vey, Pike Capital research",t.vey@pikecap.com,Fwd: request for comment — deadline 9am,"Graham. Pick up your phone.

Longview's desk sent this to your old fund address forty minutes ago and it routed to me. Full text below. I have not replied and I am not going to without you.

The problem is real and you know it is real. Fragment A is three and a half thousand words, third person, footnoted, about procurement. Fragment B is nine paragraphs, first person, no notes, about a labelling floor in Queens. Different subject, different format, different everything. You have described both as being ""from the piece."" A on the 22nd, B on the 3rd, both on recorded calls.

I have the recordings. So, apparently, do they.

> ---------- Forwarded message ----------

> From: c.ammons@longviewdesk.com · Subject: request for comment — deadline 9am

> Pike — we publish tomorrow on the propagation of the Parallax/R claim. Our piece establishes that the two documents you have characterised as excerpts of a single investigation are mutually exclusive, and that yours is the earliest attributable completed-tense description of that investigation in the public record. We will note that you hold a short position. Comment by 9am or we run ""declined to comment.""

I can draft you something that gets ahead of this tonight. It will have to contain the word ""unverified"" and you are going to hate it.

Nine hours.

— T.",V2F037,Force the incompatible-fragments problem into circulation,Reconcile the fragments publicly or recruit Jules before the story lands,provisional,
V2M023,,,live,,system,2,41:00,Kit Rakes,Nadia Ozdemir,nadia@rakesfile.show,"the ledger thing is dead, I'm sorry","Kit. Second one tonight. I hate this.

A subscriber — Dennis, the one who does the spreadsheets, you have read his comments on air — pulled the wholesale price index for the tri-state and ran your numbers against it. He posted it four hours ago. Six hundred comments.

The recurring $4.50 tracks the egg index. It goes to $4.75 in the same month everybody else's does, then $5.00, then back to $4.75 in the spring when it always comes back down. Your coordinate pairs are the pre-tax and post-tax totals of the same transaction, and the reason they looked like they encoded a borough is that the city rate is 8.875%, which throws a repeating pattern into the cents column that looks like almost anything if you want it to badly enough.

Dennis was kind about it. He wrote: ""I love this show and this one is a bacon egg and cheese.""

Kit. That is two. The invitation and the ledger, both tonight, both in public.

There is a version of the next hour where you get out in front of it yourself, on that floor, in front of those people. It costs you a slice of the audience and it buys you something you have never once had in a room like that.

The shopkeeper is standing right there. Go and ask him to read it to you. Let him win.

Text me either way.

— N.",V2F007,Disprove Kit's second false theory before the progressive case,"Retract or double down, then seek independent evidence",provisional,
V2M039,,,live,,original,2,43:00,Grace Okafor,Withheld at sender's request,,I still have all of them,"Grace,

You said tonight, and only if I wanted to. I want to. But let me tell you what it actually is before you decide what to do with it, because everybody in that room is about to describe it for me.

It started because I was frightened and needed to know I was still talking to the same person. So I made a rule and sent a question. The first rule was that the answer had to be the thing I had said no to.

The next time I changed it: the answer had to be something I had said in the room where we first met, a room that no longer exists in a building that no longer exists. The time after that the rule was my mother's maiden name spelled backwards, which is stupid, and I chose it because stupid is hard to guess.

Fourteen years. Twenty-two questions. I have all twenty-two, and all twenty-two answers.

Three countries. One went through a lawyer. One went through a hotel desk. One I left inside a library book, and to this day I do not know how it was collected.

I never wrote the rule down. I never told anyone the rule. I have not told you the rule, and I am not telling you now. Twenty-two out of twenty-two.

I know what they will say. They will say a rule can be handed on. It cannot — not a rule that only exists in my head and changes every time. They will say somebody could have got to me. Perhaps. I have thought about that every night for a year and I am no further on.

You can show them the envelopes. Not the questions and not the answers.

And Grace — if anybody asks you where I am, I need you to be rude to them.",V2F043,Give Lone Author a resilient late affirmative chain with a source-protection cost,Seek Frankie and Tony for corroboration after enforcing the protection commitment,provisional,
V2M024,,,live,,original,2,47:00,Everyone at Fifteen Years of R,R.,r@postmark.nyc,what Vale told you,"Vale told three people in that room something Vale did not tell the others.

One of you was told where I began. One of you was told what I had become. One of you was told what Vale intended to do about it.

Each of you thinks you have the whole of it. Each of you has a third, and Vale chose you for the third you would keep quietest.

Vale did that deliberately and Vale is very good at it, so I would not assume the three thirds add up to anything. Vale told me three separate things about one Tuesday afternoon and I know for a fact that two of them were false. I have never worked out which two.

Still. Two of you will work out who the other two are within the hour. The third will decide it is beneath them.

R.",,Create voluntary comparison without broadcasting the progressive sequence,Identify the other two recipients and negotiate a private comparison of Vale's exact words,provisional,
V2M051,,,live,,original,2,50:00,Sam Vale,Drafts (unsent),,"Unsent: ""the question you asked V""","Reminder — one draft has been unsent for 214 days. Drafts older than one year are removed automatically.

To: (no address entered) · Subject: the question you asked V · Saved 214 days ago

""Jules —

I have started this four times.

In February you asked V how a succession could be made so that it could not be argued with. Not whether. How. V read it out to me in the kitchen and thought it was funny, and I said it was not funny, and V said you were the only honest person in the whole business because you had said out loud what everybody else was doing quietly.

Six weeks later you got the message.

I am not accusing you of anything. I have the exchange. I have the date on it. I have had it this entire time and I have done nothing with it, and I want you to understand that is a choice I keep making, not a thing I forgot to do.

So before you stand up anywhere and tell people the name came to you: come and tell me first. Say it to my face and I will believe whatever I end up believing.

I am not going to send this. I do not know why I am not send""

[draft ends]",V2F011,Activate the succession confrontation held by Sam,Confront Jules privately or trade the message's existence to Morgan,provisional,
V2M025,,,live,,original,3,00:00,Everyone at Fifteen Years of R,Unknown sender,,last verified,"Not R. Do not waste the evening on that.

There are four people in that room who each know one true thing about the last week of Vale's life. None of them knows they are one of four. At least two have already decided their piece is somebody else's business and will keep it in a pocket until somebody asks them directly, by name, in a quiet corner.

I am not going to tell you what the four things are.

If I hand you a sequence you will believe the sequence, and you will believe it because I gave it to you in order. That is the worst reason to believe anything, and it is how every wrong story about R got started.

Here is what I have watched happen in rooms like that one. In about forty minutes somebody will stand up with a shape that fits. It will fit because they built it to fit. They will be holding three of the four things and they will not know which one is missing — and the missing one is always the one that would have changed it.

So go and find the fourth person. Not the loudest three.

And when you have all four, be careful what you think you are holding. Four true things in a row is a sequence. A sequence is not a cause. Nobody in that room saw what happened to Vale, including the people who were standing closest to it.

Build it slowly.",V2F034,Open Act 3 by creating assembly work rather than delivering the Vale sequence,Build a voluntary route comparison,provisional,
V2M026,,,live,,system,3,04:00,Morgan Shaw,"Ines Grau, Grau Geospatial",ines@graugeo.com,that route segment — it's drawn on a dead basemap,"Morgan,

I ran the segment. It is bad, and I can show you why in one sentence: the geometry does not exist any more.

The path crosses the Rutledge cut on a pedestrian connector that was decommissioned and pulled out of the vector data two years ago. Every current provider routes around it. The only way to draw that line today is to be working from an archived tile set, or from an application built against the old tiles that nobody has updated since.

Second thing. The timestamps are evenly spaced to the second across four kilometres of Manhattan pavement. Nobody walks like that. A phone does not record like that. That is a synthesised track — somebody drew a line and let software fill in the times.

Third thing, and this is the one that would keep me up. It is not a fake of a route. It is a fake of a report of a route. The formatting matches the way a summary gets written afterwards: rounded, tidied, past tense, no gaps where a real trace always has gaps.

None of that tells you who made it. Old tiles are everywhere. Plenty of legitimate outfits are running five-year-old software and do not know it. Somebody may have reconstructed a route in perfectly good faith and dressed it up to look tidy for a client.

But you did not reconstruct it. You were handed it.

Invoice attached. Pay it whenever.

— I.",V2F027,Pressure Morgan to disclose investigative contamination,"Seek client context from Celeste, Sam, or Graham and label the gap",provisional,
V2M027,,,live,,original,3,07:00,Sam Vale,Bette Hollowell,bettehollowell@earthlink.net,the room upstairs,"Sam love,

I know you are in the city and I know what tonight is, and I have been arguing with myself since Tuesday about whether to write to you at all.

Somebody has used the room.

Not last week — I would have rung you. But the towel is on the wrong hook and the kettle has been moved to the side of the ring where I do not put it, and the spare is back inside the tin the way I showed exactly one person, ever, the year you and I did this the first time.

I have not touched anything. I have not told Dougie. I am not going to.

Here is what I actually want to say. Last time you asked me to leave the door the way it was and not ask, and I did, and it was the right thing, and I would do it again tomorrow. But last time I knew who I was leaving it for, because you told me.

This time I do not. And I have been standing in that hallway thinking: what if it is not them.

You still have the envelope, do you not. You never opened it. I know you never opened it, because you would have rung me.

Whatever you decide, decide it tonight. Do not carry it another year.

— B.",V2F028,Make privacy a real endgame choice,Set terms with Morgan or Rosa before opening or withholding O09,provisional,
V2M028,,,live,,system,3,10:00,Dee Nowak,"Ruth Okonkwo, Castellane PM",r.okonkwo@castellane-pm.com,"RE: Q3 camera audit — and a second item, unrelated","Dee — still no explanation filed, and I have stopped chasing you for the moment because something else has come across my desk and I want you holding it before the insurer's people are.

There are two items and they are not the same item. I need you to hold that line even harder than I am holding it.

Item 6 is the retention gap. Corridor and service door. No media. Unexplained.

The new one — call it item 11 — is a control-system event the following day. Automated. Our access platform pushed a scheduled change set to 219: one door group's after-hours permission window moved, and a hold-open alert was suppressed for the same group. It came down through the vendor's fleet management, not from your panel and not from mine. I have asked the vendor for the change ticket. They have acknowledged receipt and said nothing else.

Different systems. Different days. Different causes, so far as anybody can currently demonstrate.

I am telling you because a private investigator rang the twelfth floor this afternoon asking for both, by name, in one sentence, as though they were one thing. They are not one thing and I said so.

Dee — do not let anybody put those two events in the same paragraph unless you are standing there when it happens. Once they are in the same paragraph they never come apart again.

I still need something for the explanation field.

— Ruth",V2F026;V2F032;V2F033,Prevent Dee's records from collapsing into a murder narrative,Secure protection and compare O10 with Morgan and Rosa,provisional,
V2M029,,,live,,system,3,13:00,Eli Navarro,watchdog (local),,[watchdog] digest — 3 hits since last run,"watchdog v0.9 — nightly digest · rules 4 active · window: since last run · hits 3

RULE cred-post-revoke

Profile ext-4471 (status REVOKED). Session-shaped activity attributable to this profile on six of the nine days following revocation. Longest continuous span 4h12m. Pattern consistent with prior authenticated behaviour for this profile: same working hours, same request ordering, same two idle habits.

NOTE (author): revocation removes a credential. It does not remove a profile, a cached token, a service account minted under the profile, a remapped identifier, or anything already resident inside a boundary. It also does not stop a person lying to the log. Do not read this rule as a finding. You wrote it at four in the morning.

RULE feed-external

Content on two of those six days references material that entered the public feed after the queue was last written. Consistent with a live external feed. Also entirely consistent with a person reading the news.

RULE physical-linked

A control-system change set on the 219 estate carries a correlation identifier that also appears in this profile's trace. Correlation is not causation and this rule has a 40% false-positive rate on shared infrastructure.

The physical record for that event is NOT held here. It is held by the building. Ask them for it. Do not take it from them.

3 hits. No rule in this file can identify an operator.",V2F030;V2F031,Supply the progressive technical bridge with explicit limitations,Find Dee and Morgan and offer interpretation without taking custody of their records,provisional,
V2M030,,,live,,original,3,16:00,Jules Kwan,Ferrule Docs,notifications@ferruledocs.com,Ownership transfer — 1 item shared with you,"AUTOMATED NOTICE — inactive account handling

An account that shared items with you has been inactive for 60 days. Under our retention policy, items shared from an inactive account transfer to the most recent collaborator or are deleted.

You are the most recent collaborator on one item.

Item: ""notes — do not send"" · owner: (inactive) · shared with you 9 weeks ago · last edited by owner 11 days before account inactivity · your access: comment, upgrading to owner in 14 days.

Preview of the most recent revision:

""— and the honest version, which I am not going to say to J's face, is that I do not know whether I want it back or want it gone.

If the name chose me, can I choose it back? Nobody has ever had to ask that question. It is not a legal question and it is not a moral one. It is a question about whether there was ever anybody there to do the choosing.

Ask J what happens to the people who made it, if J gets it. Ask in front of somebody. J is better in front of people —""

[revision continues, two pages]

To decline ownership and permanently delete this item, use the link below. Deletion is immediate and cannot be reversed.",V2F023,Complicate rather than settle Vale's claimant role,Compare full correspondence with Sam and decide what to admit,provisional,
V2M031,,,live,,original,3,19:00,Dr. Nina Sen,"D. Ruzicka, Parallax SecOps",d.ruzicka@parallaxsystems.com,ext-4471 — what I can and can't say tonight,"Dr Sen,

As requested. I would ask you to read the second half as carefully as the first.

Confirmed: external credential ext-4471 was revoked at 16:41 on the date in your note. The revocation is clean. It is in the identity provider, it is in the mirror, it propagated in under two minutes, and the audit signature verifies. If anybody suggests we quietly left it open, that is answerable and I will answer it.

Now the part I cannot dress up.

Revoking a credential is not the same as removing a principal. In the nine days following, activity attributable to that profile appears in three systems. I can give you four explanations and I cannot eliminate a single one of them from what we hold:

1. A service account or token minted under the profile before revocation, carrying its own lifetime.

2. Identifier remapping — the profile's subject identifier reused or aliased downstream during the migration that ran in the same month.

3. Log falsification, upstream or at write time.

4. Alternate access by a person who never needed ext-4471 in the first place.

To narrow it I need the pre-migration mapping tables. They were inside the retention set ordered destroyed that quarter. I am told a copy may not have been.

I would rather find that copy through you than read about it.

— D. Ruzicka, Security Operations",V2F030;V2F031,Force Nina to address continued behavior without conceding autonomy,Compare authorization with Eli and Celeste and choose disclosure,provisional,
V2M032,,,live,,system,3,22:00,Robin Velez,Halide Render — Asset Notices,noreply@halidefarm.com,"Storage notice — asset set VELEZ-03 (2 jobs, 1 unbilled)","HALIDE — ASSET AND JOB NOTICE

Account: VELEZ, R. (dormant, no activity 18 months) · asset set VELEZ-03, labelled ""commission, delivered"" · 41 files, 9.2 GB · storage fees accruing. Delete, download, or settle.

Because you are the asset owner of record, our terms require us to list every job that referenced this set. Two jobs are listed. You are named as owner on both. You were the requesting party on one.

JOB 1 — six years ago — requested by you — delivered — billed — closed.

JOB 2 — requested by a third party under a licence key issued against your set. Queued and completed. Duration 4h51m.

The job's input manifest lists six files from VELEZ-03 and two files that are not from VELEZ-03 and were not in our storage. Those two were pulled at render time from an external address. We do not retain external inputs and cannot tell you what they were.

The job completed with no operator session attached for its final three hours. That is not in itself unusual — jobs are routinely queued and left to run — but our terms require the disclosure.

Requesting party: withheld. The licence key holder disputes the fee and has not responded in four weeks.

An owner may request an itemised job log. Fee $150. Reply to open a request.

Storage will be purged in 30 days absent instruction.",V2F019;V2F020,Connect performance and autonomy through multiple holders,Seek Tessa or Dee rather than accepting Eli as sole authority,provisional,
V2M033,,,live,,original,3,25:00,Celeste Park,"H. Adeyemi, NYC Law Department",h.adeyemi@law.nyc.gov,Privileged — before you say anything else tonight,"Celeste — privileged. I am going to be blunt, because you have never once needed the long version.

If the meeting comes out of your mouth first, tomorrow it is informal oversight. You will say: a reporter raised a public-interest concern about a vendor, you arranged a limited conversation, you created no record because there was nothing to procure and nobody to bind. I can defend that. I have defended considerably worse and slept well.

If it comes out of anybody else's mouth first, here is what happens, and it happens within the hour rather than the week. The administration says it has no record of authorising any such meeting — which will be true, because you deleted it. Then the question stops being ""was the meeting proper"" and becomes ""why did she remove it,"" and I cannot answer the second one for you. Nobody can. By that point it is not a legal question at all.

I have now been told twice today that DoITT has pulled that quarter of your calendar. Once at your request. Once not at your request.

You have tonight. Not a week. Tonight, and preferably before the man from the hedge fund has another drink.

Ring me from somewhere with a door. I will pick up.

— H.",V2F029,Make political disclosure choice urgent,Negotiate shared responsibility with Nina or worker safeguards with Grace,provisional,
V2M034,,,live,,original,3,28:00,Sam Vale,+1 (646) 555-0177,,(no subject),"Ask the investigator to show you the third segment. Not the whole board. The third one.

You will recognise the corner. You chose it.

I am not going to tell you what that means, because I do not know, and neither do you, and anybody in that room who says they do is selling something.

It means the route is the same. It does not mean the person is.",V2F028;V2F034,Keep voluntary disappearance live,Correct Kit or give Morgan bounded personal context,provisional,
V2M035,,,live,,original,3,31:00,Morgan Shaw,M. Shaw (notes to self),mshaw@shawinvestigations.nyc,10:40 — before you lose the room,"Dictated. Clean it up later.

State of it. Three accounts I need and cannot get by asking one at a time.

Building. Says the gap and the control change are separate events. Is right about that, and will not say it in front of the neighbourhood people because they think it makes them sound complicit.

Neighbourhood. Knows why the service side was open. Will not say it in front of the building because it protects the building. Circular. Those two are shielding each other and neither of them knows it.

Partner. Recognises something on the board. Has recognised it since the first meeting and has not told me. Not lying. Choosing.

I get one of these tonight. Not three. The moment I run a conference the other two hear inside ten minutes and harden.

So. Two people, one room with a door, both consenting, both told in advance exactly what leaves the room with me. Pick the two whose accounts cannot both be true. Write down what each of them saw. Write down what neither of them can establish. Then read the second list back to them out loud before anybody stands up.

Do not ask what happened to Vale. Nobody in that room knows what happened to Vale. Ask what they did on Tuesday.

Fee note: the client will not like the second list. That is the job.",V2F025;V2F026;V2F032,Exercise the PI mechanic without forced testimony,Convene two consenting witnesses and state the remaining gap,provisional,
V2M036,,,live,,original,3,34:00,Rosa Baptiste,Yaz Ferreira,yaz@harrowtenants.org,"they came back, with a lawyer this time","Rosa —

The man came back. He brought a woman with a card that says she is counsel for a property group, and she was nicer than he was, which was worse.

She did not ask for a name this time. She asked for context. She said that if the neighbourhood could help establish that the service side was open for ordinary reasons on ordinary business, that would be helpful to everybody, ""including Nowak.""

Rosa, she used Dee's name to me. On my counter. To make it sound like a favour.

Here is where I have landed, and then I will leave you alone tonight. They are going to get it. Maybe not this week, but they will, because there are four of us who know and one of us is frightened enough to say it for nothing. And when they get it for nothing, Dee still loses the pension, Ruben is still on his sister's lease, and the Foundation still puts a photograph of this block in next year's report.

You are in the room with every one of them right now. You are the only one of us who is.

Whatever it costs them, make it cost them. And make it something we can still hold in March.

— Yaz",V2F042;V2F026,Turn late evidence into commitments,Broker one protected comparison in exchange for a concrete concession,provisional,
V2M054,,,live,,system,3,37:00,Kit Rakes,Nadia Ozdemir,nadia@rakesfile.show,ok. this one's real.,"Kit — read this one twice.

I was pulling your archive to build the correction package and I had two spreadsheets open at once and I saw it by accident.

Your clip log has the exact week the language flipped. Not ""around then."" The week. Week of the 9th: eleven monitored posts, every one of them saying ""may be investigating."" Week of the 16th: nineteen posts, fourteen of them saying ""has written"" or ""the exposé."" No article, no filing, no named witness anywhere in between. You logged both weeks live, because you always do.

The shopkeeper told a room tonight — and it is on the stream, so it is timestamped — that the standing order on that account changed and that he can date it from the book.

Same week, Kit.

Now the part you will not want. That correlation is worth nothing if you announce it. You have been wrong twice in public in three hours. Go up there with a third thing and you are just the man with the notebook.

So do not announce it. Take the dates to him and to the fund man and ask them to check you. Ask them to prove you wrong, out loud, in front of people. If it survives that, it is not yours any more. It is theirs, and theirs is the only version anybody will believe.

Also: your archive shows you were one of the nineteen. Say that part first.

— N.",V2F054,"Give Kit a true, checkable correlation after the staged disproofs","Bring Tony and Graham a dated side-by-side and ask for verification, not belief",provisional,
V2M037,,,final,,original,3,43:00,Everyone at Fifteen Years of R,Arden Bell,arden.bell@veridiandynamics.org,"last call, and one thing I have to ask you","No more mail is coming. Whatever anybody was going to send you, they have sent it, or they never had it.

The bar closes in twenty minutes and the freight elevator stops at one, so if you are still holding something and still deciding whether to show it to somebody, this is the part of the night where you decide.

Then I am going to ask you three things, on paper, and I would like honest answers rather than defensible ones.

Who or what R was. What Vale was to R. And what you believe happened to Vale.

You may write ""insufficient evidence."" That is not a failure. Half the people on this floor have spent the evening being told that certainty is a form of respect. It is not. It is a form of convenience.

I am not going to ask you about the article. I have thought about it all night and I am not going to, because nobody here can establish that it exists, and a ballot that asks a room to vote on something nobody can establish is precisely how you get a fifteen-year-old rumour that outlives everyone who started it.

We already have one of those. It is why you came.

Thank you for coming. Genuinely. Whatever we decide it meant.

— Arden",,Close investigation without a publication switch,"Make final bargains, public corrections, and reconstruction arguments",provisional,
V2M055,,,historical,In the week before the anniversary,archived,0,,Jules Kwan,"Ilse Brandt, Colophon Press",i.brandt@colophonpress.com,The R Reader — we still have nobody to put on the copyright page,"Jules,

March is not moveable. The anthology is set, the introduction is yours, the audiobook is contracted, and I am delighted with all of it.

Here is the thing nobody warned me about when I acquired this. There is no rights holder. There is no estate. There is no agent, no executor, no company, no trust. Fifteen years of published work and not one signature anywhere that I can pay.

Our counsel has spent four months on it and her position is now: publish under an indemnity, accept the risk, and hope that whoever it is stays quiet — or find somebody willing to sign as the custodian of the byline and put their own name behind the warranty.

The second option is cleaner, and it is not free. Whoever signs is representing to my publisher that they have the authority to. If they are wrong, they are wrong in a document.

I am not asking you tonight. I am telling you that I am going to ask you in January, and that if the answer is no I need it early enough to go the indemnity route.

Enjoy the party. Try not to work.

— Ilse",,Give Jules commercial urgency for the succession claim without touching R's identity,Show the succession message to somebody who can test it,v2.4-lore,
V2M056,,,live,,original,1,12:00,Jules Kwan,Hollis Mabry,h.mabry@mabrylit.com,before you say anything to anyone tonight,"Jules — thirty years of representing people who were about to make this exact mistake, so take the call or read the email, but do one of them.

You are going to walk into that room holding a document you believe supports you, and every instinct you have is going to tell you to keep it close and reveal it at the right moment. That instinct has ended more careers than drink.

A claim nobody has tested is not a claim. It is a hope with a date on it. The first person to examine it will be someone who wants it to be false, and they will examine it in public, and you will be answering rather than asking.

So pick somebody tonight who could hurt you with it and show them a real portion of it. Not a summary. Not a description. Enough that if there is a hole they will find it in front of you rather than in front of a journalist in March.

If it survives that, you have something. If it does not, you have found out on a night when the audience is drunk and forgiving.

Ring me tomorrow either way.

— Hollis",,Push Jules toward voluntary disclosure of the succession message,Show a meaningful portion to a hostile reader,v2.4-lore,
V2M057,,,historical,In the week before the anniversary,archived,0,,Dr. Nina Sen,Parallax Systems — Internal Comms,comms@parallaxsystems.com,"Approved: your anniversary remarks, with two edits","Dr Sen — approved with two edits, both marked in the attached.

Edit one. We have removed the line about the founding. Legal is uncomfortable with ""we built it so that a small newsroom could do what a large one could"" in a week when several small newsrooms are describing us less warmly. It is a lovely sentence and it is also nine years old.

Edit two, and this is the one I want you to actually read. You had ""no product of ours has ever operated without a person responsible for it."" Legal will not clear the sentence as written. Their note, verbatim: ""We can say a person was accountable. We cannot say a person was watching. Those are different claims and only one of them is documented.""

The approved substitution is: ""every deployment we have made sits under a named owner."" I know it is weaker. I know why it is weaker.

Also, small thing: the Veridian people have asked whether you are speaking before or after the auction. I have said after. You can overrule me.

— Internal Communications",,Establish Parallax's founding story and Nina's institutional exposure,Defend the company without conceding unsupervised deployment,v2.4-lore,
V2M058,,,live,,original,1,06:00,Dr. Nina Sen,"R. Iyengar, Parallax People Operations",r.iyengar@parallaxsystems.com,the Aguilar separation — what we can still do,"Dr Sen — you asked what room we have. More than you were told, less than you want.

The separation was handled under the standard reduction template, which means she was told it was a role elimination. It was not a role elimination; the role was refilled in eleven weeks. That is not a lawsuit but it is not nothing, and if her representative ever puts those two facts side by side we will settle rather than explain.

What is available to you tonight without a board resolution: reinstatement of the twenty-two months of vesting she forfeited, conversion of the separation to a voluntary exit so the record stops following her, and the release of her own evaluation notes, which are hers and which we have been sitting on for four months because nobody wanted to sign the request.

What is not available: any admission about the programme, any statement about what she was reviewing, or money above the standing delegation.

I would move on the vesting tonight if I were you, and I would do it before somebody makes it a demand. It is the same money and it buys something completely different.

— R. Iyengar",,"Give Nina a concrete remedy to offer Grace, unrelated to R",Offer Grace a remedy that holds even if the article was imaginary,v2.4-lore,
V2M059,,,historical,In the week before the anniversary,archived,0,,Eli Navarro,Parallax Engineering — Postmortem Archive,no-reply@parallaxsystems.com,[archive] IR-2231 is being retained past schedule,"AUTOMATED — INCIDENT REVIEW ARCHIVE

Review IR-2231 · authored by NAVARRO, E. · originally scheduled for deletion this quarter.

This review has been placed on extended retention at the request of Legal. No action is required from you. You are receiving this notice because you are the author of record.

Extract from the review header, reproduced for your reference:

""This document is blameless. Nothing in it may be used in a performance process. — standing note, Engineering, applies to all reviews in this archive.""

Extract from your closing section:

""The failure was not the change. The failure was that four people each held a piece of the picture, every piece was individually reasonable, and no forum existed in which the four pieces were ever in the same room. We will do this again. We will do it again because the reporting structure rewards holding your piece.""

Retention hold placed by: Office of the General Counsel · reason field: (not populated)

Reviews under extended retention are excluded from routine purge and are discoverable.",,Establish the incident-review culture that shapes Eli's fear,Refuse to let logs be read as a confession,v2.4-lore,
V2M060,,,live,,original,1,18:00,Eli Navarro,Priya Devan,pdevan@kestrelmail.io,how it will sound when you say it,"Eli — you will not take advice tonight so consider this a description rather than advice.

I sat through the hearing after the transit thing. Two years. What I learned is that engineers lose these rooms in a specific and avoidable way, and it is never by being wrong.

You will be asked a question with a yes-or-no shape. You will answer accurately, which will take you forty seconds and three qualifications. Somewhere in the second qualification the room will decide you are hiding something, and after that every precise thing you say sounds like a man managing his exposure.

The people who survive do the opposite order. They give the short true sentence first and the qualification second. ""Yes, and here is what that does not mean."" The short sentence buys the room's patience for the long one.

You have a second problem, which is that a log entry looks like a confession to anybody who has never read one. A log is a machine writing down that it did what it was told. Say that early, to somebody friendly, before you have to say it to somebody who is not.

You do not owe that room your career.

— Priya",,Arm Eli to correct overclaims without denying the record,Correct one overclaim without conceding autonomy,v2.4-lore,
V2M061,,,historical,In the week before the anniversary,archived,0,,Celeste Park,Deputy Mayor's Office — Scheduling,scheduling@cityhall.nyc.gov,Friday: you are attending in a personal capacity,"Celeste — confirming Friday, and confirming how it is characterised, because you asked and because the answer changed.

You are attending in a personal capacity. Not representing the office, not representing the administration, no remarks, no panel, no photograph with the Foundation's step-and-repeat if there is one.

The Deputy Mayor's exact instruction, so you have it in the original: ""She should go. She should enjoy herself. She should not come back with a position the administration has to have.""

Practically, this means anything you say on that floor is Celeste Park's opinion and can be disowned by lunchtime Monday. I am aware that cuts both ways and I am aware which way you will find useful.

One more thing, from Press rather than from us. Two reporters have asked this week whether the city has a view on the Parallax matter. Press has been saying we are aware of public reporting and have no comment, and would like to keep saying exactly that until somebody senior decides otherwise. Please do not make that sentence untrue on a Friday night.

— Scheduling",,Set the political constraint Celeste operates under all evening,Protect the back channel without lying outright,v2.4-lore,
V2M062,,,live,,original,1,22:00,Celeste Park,"M. Okonkwo, Press Office",m.okonkwo@cityhall.nyc.gov,somebody's been calling us about you,"Celeste — flagging this before somebody else does.

A private investigator, licensed, name of Shaw, has called this office three times this week. Not hostile. Extremely polite, which I trust less. Asking about the department's vendor engagements and, on the third call, asking specifically whether anyone at the city arranges introductions between reporters and vendors.

I gave him the standard nothing. He thanked me and said — and I wrote this down because of how carefully he said it — ""I'm not looking for a scandal. I'm trying to eliminate an explanation.""

Here is what you should know before you talk to him, because you will. He is working from vendor filings, which are public, and those filings show that four departments engaged Parallax in that period. Ours is the smallest of the four. If somebody wanted to explain a meeting, the boring version is procurement diligence, and there are three other agencies whose paperwork makes that story better than ours does.

I am not telling you to say that. I am telling you it is true, which is different, and I would rather you knew it before you needed it.

— M.",,Give Celeste an actionable lever for diverting Morgan,Feed Morgan a plausible alternate explanation,v2.4-lore,
V2M063,,,historical,In the week before the anniversary,archived,0,,Grace Okafor,PTWU Local 3 — Archive Committee,archive@ptwu.org,"the charter, since you asked at the meeting","Grace,

You asked at the September meeting why we are Local 3 of a print trades union and not something with a sensible modern name. Here is the answer, and I am sending it now because you are going to be standing in that building on Friday.

Local 3 was chartered in 1947 for the compositors and stereotypers on four floors of exactly that address. Our first grievance on file is about heat. Our second is about a machine — a linotype the shop bought in 1951 that did the work of six men, and the argument was not whether to have it. The argument was whether the six men got to say what happened next.

We lost that one, incidentally. Badly.

The charter was never rewritten. It says ""persons employed in the preparation of text for publication,"" which the international's lawyers told us in 2019 was too vague to cover data annotation.

We told them it was not vague, it was general, and that the difference is the whole point of a charter. They agreed in the end.

So when somebody on Friday asks what a print union is doing representing people who label training data, the answer is that we have been in that building since before their parents. Say it exactly like that.

— Archive Committee",,Ground the union's authority in the building's own history,Invoke the local's history when pressed on jurisdiction,v2.4-lore,
V2M064,,,live,,original,1,26:00,Robin Velez,"Dez Okonjo, Terrace Talent",dez@terracetalent.com,the Hallow contract — read clause 9 before you sign anything,"Robin darling — do not sign the Hallow paperwork tonight, tomorrow, or at all until we have spoken.

Clause 9 grants them a perpetual licence to your recorded performance ""including for the purposes of model training, voice synthesis, and the creation of derivative vocal works."" It is buried in the delivery section, where nobody reads, which is not an accident.

I have now seen this clause in four contracts this quarter. In two of them it was removable by asking. In one they went quiet and the offer evaporated. In the fourth they told my client, in writing, that the clause was standard and non-negotiable, and that client is now available for parties.

Here is my actual worry. You are the person other performers ring about this. If you sign it, quietly, because the money is good and the year has been thin, it becomes standard by Tuesday.

Say no loudly enough that it costs you something visible. That is worth more to you long-term than the fee, and I have never in eleven years advised a client to lose money, so notice that I am doing it.

Kisses. Do not sign anything at a party.

— Dez",,Ground Robin's ethic in a live professional threat,Refuse a synthesis clause or trade the refusal,v2.4-lore,
V2M065,,,live,,original,1,31:00,Morgan Shaw,"K. Brayfield, Brayfield Associates",intake@brayfieldassoc.com,RE: your question about the retainer instrument,"Mr Shaw — answering the question you put to me on Tuesday, and answering it more fully than I did on the telephone.

You asked what would happen if you declined to continue.

The retainer is fully funded through the sixth invoice. If you stop now, the unearned balance returns to the funding account and our engagement ends. You would not be in breach. Your file remains yours; the work product to date remains the client's.

You asked, second, whether we would tell you who the client is if you stopped. We would not. Our instruction is unconditional and does not lapse on termination. I will add, because you were straightforward with me, that we do not hold the identity. We hold a retainer instrument and a funding account at a correspondent bank. If you were to compel us, you would obtain those two documents and be no better informed. I have been doing this for twenty-six years and this is the fourth instruction of that shape I have accepted.

You also asked whether I thought you were being used. Mr Shaw, I am a solicitor. I decline the question with some warmth.

Invoice 5 remains approved.

— K. Brayfield",,Establish PI trade constraints and the anonymity structure,Decide how much of the client relationship to disclose,v2.4-lore,
V2M066,,,historical,In the week before the anniversary,archived,0,,Graham Pike,"T. Vey, Pike Capital research",t.vey@pikecap.com,the pre-read you asked for — PLLX history,"Graham — pre-read as requested, three minutes, then I am going home.

You have been short Parallax twice before and you were right twice, and I want that in front of you tonight because you have started telling the story as though this is the same trade. It is not.

2024: you were short on unit economics. You had their own reseller agreements, which we bought legitimately, and you had the churn number before the market did. That was a documents trade.

2026, the spring: you were short on the governance change. Two board departures inside a month, and you read the second one correctly. That was a structure trade.

This time you are short on a rumour. There is no document. There is no filing. There is no named witness. The entire position rests on a claim about a piece of journalism that nobody has produced, and the earliest attributable version of that claim in the public record is you.

I am not telling you the thesis is wrong. I am telling you it is a different species of thesis, and that the two trades you keep referencing do not support it. They support your judgement. That is not the same asset.

Position sizing memo attached, which you will ignore.

— T.",,Ground Graham's position in real prior conviction,Defend the thesis on provenance rather than volume,v2.4-lore,
V2M067,,,live,,original,2,27:00,Dee Nowak,Walt Kaminski,wkaminski.super@postmark.nyc,the drawings you asked about,"Dee — took me a while, the boxes were at my sister's.

You asked for the level-G drawings from before the 2011 conversion. I have the mechanical set and one page of the original 1938 floor plan, which is not much use to you but you will like it.

Two things you should know before Monday.

The service crossing was not designed as a crossing. It was the paper feed. Rolls came off the freight lift, went across that floor and into the presses, and the corridor is that width because a roll is that width. When they converted, they kept the geometry and changed the use, and nobody ever re-surveyed the sightlines. That is why the camera positions are wrong down there. They were never right. They were inherited.

Second. The 2011 conversion was signed off with three open items and one of them was ""camera coverage, level G, to be completed under separate work order."" I have the sign-off sheet. That work order does not appear in any of the paper I have.

Nineteen years they have had you covering a gap that a contractor left in 2011.

Put that in the explanation field.

— Walt",,Give Dee institutional history and a reason to be believed,Establish standing against the twelfth floor,v2.4-lore,
V2M068,,,historical,In the week before the anniversary,archived,0,,Rosa Baptiste,Aurelio Santos,a.santos.44@earthlink.net,what that floor was,"Rosa — my granddaughter typed this, so the spelling is hers.

You said people are going up to the fourth floor Friday for a party about a writer. I want you to know what you are standing in, because everyone else up there will think it is a nice room with a view.

I worked that floor 1968 to 1989. Second hand on the number two press. Three hundred and ten of us in the building at the peak, and eleven of us lived on this block, and four of those eleven were in your building.

When it closed they gave us ninety days. The union got us a little. The men who had been there longest got the least, because their pensions were tied to a fund that did not survive, and that is a sentence I have said at nine funerals.

Here is the part I want you to say if you get the chance. That floor made money for sixty years and the money never once stayed on this block. It went uptown every single night. Now they have come back to have a party in it and they are going to say beautiful things about the work.

Let them. But somebody in that room should know the men's names, and after Friday you are the only one who will.

I have written twelve of them on the back. There were more.

— Aurelio",,Give Rosa the block's history as social authority,Speak for the block from history rather than sentiment,v2.4-lore,
V2M069,,,live,,original,2,45:00,Rosa Baptiste,Yaz Ferreira,yaz@harrowtenants.org,"what we actually want, written down like you asked","Inez — sorry, Rosa. Force of habit, I have called you the wrong thing for two years.

You said write it down so you are not inventing it at midnight with a glass in your hand. Here it is. Four things, in order, and the order matters.

1. The service side stays ours. Whatever gets agreed about the cameras, the tenants keep key access to the service entrance. In writing, attached to the lease, not a promise from a person who might leave.

2. Dee keeps the pension. Whatever the insurer decides about that gap, the building does not make a maintenance super pay for a contractor's 2011 paperwork.

3. Ruben's lease gets regularised. His sister signed it, he has lived there nine years, and every single time somebody comes asking questions he is the one who can be hurt cheapest.

4. If they photograph this block for anything, they pay the association, the way they would pay a location.

Numbers 2 and 3 are the ones I would trade the rest for. If you can only get two things tonight, get those, and let them feel clever about the others.

Do not come home with a nice conversation.

— Yaz",,"Convert Rosa's leverage into a concrete, tradeable ask",Convert access or silence into a written commitment,v2.4-lore,
V2M070,,,live,,original,3,40:00,Arden Bell,"Sasha Meline, Veridian Development",s.meline@veridiandynamics.org,"the auction, and what I need from you in ten minutes","Arden — ten minutes, and then I will stop.

The auction is short by about a third. That is not a disaster; it is a bad year and everybody is having one. But three of the four people I was counting on have said some version of ""let's talk in the new year,"" and all three said it after nine o'clock, and all three of them were standing near the same conversation when they said it.

I am not going to pretend I do not know what that conversation was.

So here is what I need. Tomorrow morning somebody is going to ring me and ask whether the Foundation stands behind anything that was said on that floor tonight. I need to know now what I am allowed to say, because if I improvise it, it becomes policy.

Three options and I will do whichever you choose. We stand behind the evening and the questions raised in it. We hosted an anniversary and take no position on what guests discussed. Or we say nothing at all and let it be reported as saying nothing at all.

The third one is not free. It reads as the second one with worse manners.

I am by the coats. Come and find me.

— Sasha",,Force Arden to choose between the Foundation's money and the room's honesty,Choose what the Foundation will say tomorrow,v2.4-lore,
V2M071,,,live,,original,3,46:00,Tony Calderón,Marisol,marisol.calderon@postmark.nyc,Dad. answer your phone.,"Dad. Three calls. Answer your phone.

Fine. Here it is in writing, since apparently that is how this family communicates now.

A man came to the store today. Not a customer. He asked Mama when the lease is up, and she told him, because she tells everybody everything, and then he asked whether we had thought about what the corner would be worth if the block goes the way Harrow Street is going.

She gave him a coffee and told him to leave. She is fine. She is more than fine, she enjoyed it.

But Dad — the lease IS up in fourteen months. We have talked around this at four Sundays in a row and you keep telling the story about the awning instead.

I know what tonight is for you. You have been carrying that account book around for a week like it is a relic. I know somebody up there is going to make you feel important, and I know you have wanted somebody to ask you about that book for about nine years.

Just remember which people are still going to be on that block in March, and which ones are going home in a car.

Love you. Answer your phone.

— Mari",,Give Tony a private cost for the evening's exposure,Decide what the ledger is worth to the family,v2.4-lore,
V2M072,,,historical,Three weeks before the anniversary,original,0,,Dr. Farah Haddad,"Priya Raghunathan, Veridian Archives",p.raghunathan@veridiandynamics.org,"the Lowell letter, and a question I have to ask you","Dr Haddad,

We have not met. I run intake at the Veridian archive, and the First R Letter is on my bench until the anniversary.

At Tuesday's programme meeting, Frankie Lowell said the letter ""was looked at by the Library years ago"" and that the Library ""had no concerns."" Two people on the committee wrote that down. One of them wants it printed.

I have been through our file and through Lowell's deposit. There is no custody sheet, no report, no request on anybody's letterhead. Your name came up because Lowell used it, fondly, and then changed the subject.

If it was you, I need to know what you looked at, under what conditions, and what you said at the time. I will not print ""examined by the New York Public Library"" on the strength of an anecdote, and I would rather not print a correction afterward either.

For what it is worth, my intake is visual only: raking light, a loupe, a fibre sample from the envelope flap. Our UV lamp is out for calibration until after the anniversary. When it comes back I want to do the full examination properly, documented, with a second examiner in the room. I would rather that were you.

Priya",V2F002,Put Farah's undocumented exam under pressure before play without revealing the fold anomaly,Find Frankie before the Library line gets repeated to anyone else,v2.5-optional,
V2M073,,,live,,original,1,15:00,Dr. Farah Haddad,"Joan Whitfield, NYPL Preservation",j.whitfield@nypl.org,Frankie Lowell says we authenticated something,"Farah,

Someone has just sent me a photo of the Veridian programme from the table by the door. Frankie Lowell's essay, page six: ""The Library confirmed its age years ago.""

We have no engagement on file with Veridian, with Lowell, or with anybody else about that letter. A reporter at the Ledger wants us to confirm the line by Monday.

I am not accusing you of anything. If you did someone a kindness years ago, I understand how kindnesses travel. But the Library's name is now doing work in a room I am not in, and you are.

Two questions before I answer the reporter. What did you actually look at? And will you say so, in that room, in words that carry their limits?

If it can be fixed tonight, fix it tonight.

Joan",V2F002,Send Farah to Frankie and Arden in the first hour; the Ash route is gone when Ash is not cast,"Find Frankie and agree what the Library line can honestly say, then tell Arden before the programme is quoted again",v2.5-optional,
V2M074,,,live,,original,2,23:00,Dr. Farah Haddad,hexane,hexane@nightdesk.coop,folder 11,"Dr Haddad,

You will not know me. I took shifts for the Night Desk a long time ago, under a handle, and I have kept the handle.

Tessa has a paper draft from those years. Middle of the run, the piece from the fire door onward. I did one of the passes. Before mine and after mine there were others: a green pen, somebody's shorthand in the margins, a pencil arguing with the green pen. I never knew who any of them were. That was the arrangement and I agreed to it.

I hear people will be passing paper around tonight and saying what it proves. If anyone looks at that draft, I would like it to be somebody who can count the hands and put them in order without trying to put names to them. How many. Which came first. What was written over what. Nothing else.

That is a real finding and nobody has ever made it. I would like it made once, by someone careful, while the paper still exists.

Tessa sets the terms for that draft, not me and not you. Ask Tessa. And please do not mention that I wrote to you, or the passphrase changes again.

h.",V2F046,Give Farah a core-cast route to the middle-period draft O12b that replaces the Ash negative goal,"Ask Tessa for a bounded look at the middle draft, on Tessa's terms, and promise to count hands rather than name them",v2.5-optional,
V2M075,,,live,,original,3,20:00,Dr. Farah Haddad,"Priya Raghunathan, Veridian Archives",p.raghunathan@veridiandynamics.org,the lamp came back early,"Dr Haddad,

The UV lamp came back from calibration this afternoon, three weeks early, which never happens.

Arden has asked me whether to schedule a documented re-examination of the original letter for Monday. Custody log, two examiners, raking light and UV, findings published with their limits in the first sentence. I said I would ask whether you would sit as the second examiner. Arden has not said yes. The committee is nervous about what a second look does to a programme that has already been printed.

So if you want it, you will have to ask Arden yourself, tonight, while Arden is still deciding.

One more thing, and I will say it once. Whatever you saw or did not see when you looked at that letter years ago, I would rather hear it from you than find it in my own notes afterward. The same goes for Lowell. People forgive a great deal when they are told first.

Priya",V2F002,Force Farah's final choice before the ballot without deciding Arden's,"Ask Arden for documented conditions, and decide whether Frankie hears about the fold before the ballot",v2.5-optional,
V2M076,,,historical,Eleven days before the anniversary,system,0,,Manny Diallo,"Swiftlane Courier, Account Integrity (automated)",noreply@swiftlane.app,[ACTION] Aged custody item on your account: job SL-40117,"SWIFTLANE COURIER: ACCOUNT INTEGRITY

This is an automated notice. A scheduled audit of aged jobs has reopened one job on your account.

Job: SL-40117
Created: 4 years 2 months ago
Type: parcel, small, sealed
Pickup: counter hold, Calderón Grocery & Package
Drop: 219 Harrow St, service entrance, level G
Recipient: [not provided]
Drop note: ""Leave with building. No signature. Do not buzz.""

Status then: cancelled by requester while in transit. Return to pickup failed (location closed).
Status now: IN CUSTODY. Not delivered. Not returned.

Our records show this item has remained in your custody since the job closed.

Within 10 days, choose one:
· Complete the original delivery
· Return the item to the pickup location
· Report the item lost or destroyed

If no option is chosen, your account will be referred for integrity review. Integrity review can result in reduced job offers or deactivation.

You have opened this job 6 times since the audit reopened it. Views are logged.

Swiftlane Courier. Replies to this address are not monitored.",,Anchor Manny's undelivered object to Tony's counter and Dee's service door without saying what it holds,"Ask Tony whose counter hold it was, and ask Dee or Rosa whether that service door ever took deliveries for anyone",v2.5-optional,
V2M077,,,live,,original,1,21:00,Manny Diallo,Ibou,+1 (646) 555-0187,someone asking for you at the hub,"Manny.

Man at the Canal St hub this morning. Nice jacket, no helmet, not a rider. Asking for you by name. Then asking who else did the Harrow St jobs, the old ones, the off-app ones.

He offered Kadi three hundred for a list. Kadi told him riders don't keep lists. He said everybody keeps lists, they just call them something else.

He knew about the parcel. He didn't say parcel. He said ""the one that never landed.""

I told him you moved to Philly.

Whoever you talk to tonight, get it on paper first. You told me that once, so I'm telling you back.

Ibou",,Push Manny toward written protection early; echoes the stranger on Rosa's block in V2M009 without confirming it is the same man,Find Grace or Rosa and get a protection in writing before anyone asks about Harrow St,v2.5-optional,
V2M078,,,live,,original,2,31:00,Manny Diallo,Marisol,+1 (718) 555-0122,Dad won't say it so I will,"Manny, it's Marisol. Tony's Marisol.

Every Sunday Dad does the same speech. You're owed for three jobs that never got paid. The shop is owed for two jobs you never finished. And then there's ""the small one for Harrow,"" which Dad still can't decide was yours or ours. Every Sunday. Four years.

Not once has any of it been said to you. There will be coffee and talk about the weather, and then everything Dad knows gets sold to somebody in a suit.

So you bring it up. Tonight, before anything gets sold. Sit down together, put your records next to Dad's, settle it. It will be a relief to both of you. Nobody will say so.

M.",,"Start the Tony reconciliation that Manny's primary goal needs, without inventing a prop Tony does not hold","Find Tony, put the dispatch history beside what Tony remembers, and settle the old pay",v2.5-optional,
V2M079,,,live,,system,3,26:00,Manny Diallo,"Swiftlane Courier, Account Integrity (automated)",noreply@swiftlane.app,SL-40117: item reassigned,"SWIFTLANE COURIER: ACCOUNT INTEGRITY

Job SL-40117 has passed its review window with no option chosen.

Aged custody items are reassigned automatically. This job has been offered to available couriers near the item's last reported location.

Last reported location: 219 Harrow St (your device, 0.0 mi from drop)

Another courier may contact you to collect the item. You are not required to hand it to anyone who cannot show the job in their own app.

You may still complete the original delivery yourself. You are at the drop address.

[Complete delivery]   [Report lost or destroyed]

Swiftlane Courier. Replies to this address are not monitored.",,"Force Manny's final choice about the object before the ballot; reassignment is routine platform behavior, not proof of intent","Decide the object tonight: ask Dee whether the service door takes a delivery, hand it to someone, or get rid of it",v2.5-optional,
V2M080,,,historical,Three weeks before the anniversary,original,0,,Arden Bell,"Priya Raghunathan, Veridian Archives",p.raghunathan@veridiandynamics.org,intake on the Lowell letter starts Monday,"Arden,

Lowell's deposit came up from storage this morning and intake on the letter starts Monday. Ground rules, so nobody is surprised later: I describe the object. I do not describe the story.

At the programme meeting Lowell said the Library ""looked at it years ago."" The committee wrote that down as though it were a finding. It is not one yet. There is no custody sheet and no report in our file or in Lowell's. I have written to the NYPL preservation archivist whose name came up, and I will tell you what comes back.

Two decisions I need from you before the programme goes to print:

1. Whether the letter is described as ""authenticated,"" ""examined,"" or simply ""shown."" Those are three different sentences and only one of them is safe today.
2. Whether I pull the Herald expense binders for the folds comparison. It is standard. It also means reading Lowell's paperwork from that year, and I would rather you knew that before I did it.

Priya",,Put the intake and the programme wording on Arden before play,Decide with Frankie how the letter is described before the programme is quoted,v2.5-lore,
V2M081,,,historical,In the week before the anniversary,original,0,,Arden Bell,"Harriet Lam, Chair, Veridian Board",h.lam@veridiandynamics.org,"the Parallax gift, before Monday","Arden,

A short one, because I would rather ask than wonder.

Two trustees have asked me since the June meeting whether the Parallax gift is unrestricted. The June report describes it as unrestricted general support, and I repeated that to the audit committee on your word. One of them has a friend at a foundation Parallax also funds, where the agreement apparently runs to eleven pages.

I am not suggesting anything. I am asking you to confirm in writing, by Monday, that there is nothing in our agreement the board has not seen. If there is, I would much rather hear it from you on Monday than from a trustee in September.

Enjoy Friday. You have earned it, whatever else is true.

Harriet",,Give Arden a deadline on the concealed restriction before play,Decide whether Nina or Celeste hears about the board before the board hears about the clause,v2.5-lore,
V2M082,,,historical,Two weeks before the anniversary,original,0,,Frankie Lowell,"Dana Whitcombe, Veridian Communications",d.whitcombe@veridiandynamics.org,your programme essay: two cuts and one question,"Frankie,

Thank you for the essay. It is the best thing in the programme and it is 380 words over, so here is what I propose.

Cut one: the paragraph about the second diner. Readers only need one diner.

Cut two: the semicolon story. I know. It is lovely. It is also the fourth time the essay mentions your copy editor.

The question: page six currently reads ""The Library confirmed its age years ago."" Our archivist has asked who at the Library we should credit, because she cannot find it in the file. If you have a name, send it and I will add it. If you would rather keep it general, I will leave the line as you wrote it.

Proofs go to the printer Thursday.

Dana",,Plant the programme line that Farah is later asked to account for,"Decide whether to name the archivist, and watch who repeats the line tonight",v2.5-lore,
V2M083,,,historical,Three weeks before the anniversary,original,0,,Tony Calderón,"Sasha Meline, Veridian Development",s.meline@veridiandynamics.org,"an invitation, and a coffee order","Tony Calderón,

Veridian Dynamics is marking fifteen years of the R byline on Friday the ninth at 219 Harrow Street, fourth floor, and we would be honoured if you came as our guest.

People keep telling us that the neighbourhood history of R runs through your counter. We would like that history in the room, told by the people who lived it, and not by us.

Separately, and only if it suits you: we need coffee for about twenty for the evening. Our director asked specifically for yours. We will pay your usual rate, on the night, in whatever form you prefer.

Doors at six. Come in through the loading entrance on the north side.

Sasha Meline
Veridian Development",,Explain why Tony is in the room and give him a paid reason to be there,Greet Arden and decide how much of the counter history is for sale,v2.5-lore,
V2M084,,,historical,One week before the anniversary,original,0,,Robin Velez,"Nadia Ross, Ross Voice & Talent",nadia@rossvoice.co,the Veridian thing on Friday,"Robin,

I rang Veridian about the line in the invitation, ""those who helped create R's public presence."" You asked me to find out whether it means you.

The woman in development was charming and told me nothing. She said the evening would ""acknowledge contributions of every kind."" I asked whether that included performance. She said she would have to check. People who have not heard of you do not have to check.

So, as your agent and not your mother:

Do not say anything on the record about the commission until we know who is paying for what. Your confidentiality clause ran both ways, and if somebody else broke it first, that is worth money.

And if anyone there does the voice at you, write down who.

Nadia",,Frame Robin's evening as a contract dispute before it becomes a mystery,Find out who else at the party thinks the invitation line means them,v2.5-lore,
V2M085,,,historical,In the week before the anniversary,system,0,,Dee Nowak,"Castellane PM, Human Resources",hr@castellane-pm.com,Your retirement date and pension: confirmation,"Dear D. Nowak,

This letter confirms your retirement date of 30 June and your pension entitlement under the Castellane Building Services plan, calculated on 22 years of continuous service.

Please note that under section 4.3 of the plan, the entitlement is finalised only once all open conduct and liability reviews involving the employee are closed. We are not aware of any such reviews at this time. If one is opened before your retirement date, your final calculation will be held until it is resolved.

No action is required. Please keep this letter for your records.

Castellane Property Management, Human Resources",,Put a date and a clause on the pension Dee is protecting,Weigh every conversation about the camera gap against 30 June,v2.5-lore,
V2M086,,,historical,In the week before the anniversary,original,0,,Kit Rakes,"Dev Arora, rakesfile producer",dev@rakesfile.show,"numbers after the Harrow St teaser, and Monday","Kit,

Numbers first, because you will ask. The Harrow Street teaser is the best thing we have posted since the Hollis series. Downloads are up by a third. Forty-one new backers. Three cancellations, all citing ""the tip-line page"" and all using the word ""again.""

Now the part you will not like. The sponsor wants a reveal episode Monday. Their words: ""a name, a mechanism, a verdict."" I told them we do not promise verdicts. They said we promised one in March.

So here is my ask. On Friday, record everything, and do not say anything into a microphone you cannot walk back on Monday. If a theory falls over in that room, I would rather we get the episode where you tell everyone why it fell over than the one where you pretend it did not.

You are good at being right. You are better at being interesting when you are wrong. People forget that.

Dev",,"Give Kit a commercial reason to package, and a friend telling Kit not to",Decide before the first public correction whether Monday gets the whole story or the true one,v2.5-lore,
V2M089,,,props,Written before the party,original,0,,Arden Bell,Arden Bell,,What you are bringing tonight,"These are the things you will have in hand on Saturday. The printed originals are handed to you at the door; these pictures are so they are familiar before then.

They are yours. Show them, trade them, or keep them in a pocket all night. Nobody can make you hand anything over, and showing something is not the same as giving it away.

Frankie holds the letter itself. Your report and Priya's note are the other half of that conversation.",,Show the holder their own props before the party,Arrive knowing what you carry,provisional,O15a;O15b
V2M090,,,props,Written before the party,original,0,,Frankie Lowell,Frankie Lowell,,What you are bringing tonight,"These are the things you will have in hand on Saturday. The printed originals are handed to you at the door; these pictures are so they are familiar before then.

They are yours. Show them, trade them, or keep them in a pocket all night. Nobody can make you hand anything over, and showing something is not the same as giving it away.

Arden holds the archive's intake report on the letter.",,Show the holder their own props before the party,Arrive knowing what you carry,provisional,O01;O12a
V2M091,,,props,Written before the party,original,0,,Tessa Quill,Tessa Quill,,What you are bringing tonight,"These are the things you will have in hand on Saturday. The printed originals are handed to you at the door; these pictures are so they are familiar before then.

They are yours. Show them, trade them, or keep them in a pocket all night. Nobody can make you hand anything over, and showing something is not the same as giving it away.

The routing slip is the one to pace. Every initial you uncover should cost somebody something.",,Show the holder their own props before the party,Arrive knowing what you carry,provisional,O02;O12b;O14
V2M092,,,props,Written before the party,original,0,,Jules Kwan,Jules Kwan,,What you are bringing tonight,"These are the things you will have in hand on Saturday. The printed originals are handed to you at the door; these pictures are so they are familiar before then.

They are yours. Show them, trade them, or keep them in a pocket all night. Nobody can make you hand anything over, and showing something is not the same as giving it away.",,Show the holder their own props before the party,Arrive knowing what you carry,provisional,O03
V2M093,,,props,Written before the party,original,0,,Dr. Nina Sen,Dr. Nina Sen,,What you are bringing tonight,"These are the things you will have in hand on Saturday. The printed originals are handed to you at the door; these pictures are so they are familiar before then.

They are yours. Show them, trade them, or keep them in a pocket all night. Nobody can make you hand anything over, and showing something is not the same as giving it away.",,Show the holder their own props before the party,Arrive knowing what you carry,provisional,O07b
V2M094,,,props,Written before the party,original,0,,Eli Navarro,Eli Navarro,,What you are bringing tonight,"These are the things you will have in hand on Saturday. The printed originals are handed to you at the door; these pictures are so they are familiar before then.

They are yours. Show them, trade them, or keep them in a pocket all night. Nobody can make you hand anything over, and showing something is not the same as giving it away.

Keep the three log cards physically apart. When precision starts slipping, read the limit line off the card rather than improvising.",,Show the holder their own props before the party,Arrive knowing what you carry,provisional,O03b;O05a;O05b;O05c;O10b
V2M095,,,props,Written before the party,original,0,,Grace Okafor,Grace Okafor,,What you are bringing tonight,"These are the things you will have in hand on Saturday. The printed originals are handed to you at the door; these pictures are so they are familiar before then.

They are yours. Show them, trade them, or keep them in a pocket all night. Nobody can make you hand anything over, and showing something is not the same as giving it away.

Show the sheets one at a time, as protections are agreed.",,Show the holder their own props before the party,Arrive knowing what you carry,provisional,O16a;O16b
V2M096,,,props,Written before the party,original,0,,Robin Velez,Robin Velez,,What you are bringing tonight,"These are the things you will have in hand on Saturday. The printed originals are handed to you at the door; these pictures are so they are familiar before then.

They are yours. Show them, trade them, or keep them in a pocket all night. Nobody can make you hand anything over, and showing something is not the same as giving it away.",,Show the holder their own props before the party,Arrive knowing what you carry,provisional,O04;O12c
V2M097,,,props,Written before the party,original,0,,Tony Calderón,Tony Calderón,,What you are bringing tonight,"These are the things you will have in hand on Saturday. The printed originals are handed to you at the door; these pictures are so they are familiar before then.

They are yours. Show them, trade them, or keep them in a pocket all night. Nobody can make you hand anything over, and showing something is not the same as giving it away.",,Show the holder their own props before the party,Arrive knowing what you carry,provisional,O06
V2M098,,,props,Written before the party,original,0,,Dee Nowak,Dee Nowak,,What you are bringing tonight,"These are the things you will have in hand on Saturday. The printed originals are handed to you at the door; these pictures are so they are familiar before then.

They are yours. Show them, trade them, or keep them in a pocket all night. Nobody can make you hand anything over, and showing something is not the same as giving it away.

Your notice stays yours. Eli can interpret it; nobody needs to keep it.",,Show the holder their own props before the party,Arrive knowing what you carry,provisional,O10a
V2M099,,,props,Written before the party,original,0,,Celeste Park,Celeste Park,,What you are bringing tonight,"These are the things you will have in hand on Saturday. The printed originals are handed to you at the door; these pictures are so they are familiar before then.

They are yours. Show them, trade them, or keep them in a pocket all night. Nobody can make you hand anything over, and showing something is not the same as giving it away.",,Show the holder their own props before the party,Arrive knowing what you carry,provisional,O07a
V2M100,,,props,Written before the party,original,0,,Graham Pike,Graham Pike,,What you are bringing tonight,"These are the things you will have in hand on Saturday. The printed originals are handed to you at the door; these pictures are so they are familiar before then.

They are yours. Show them, trade them, or keep them in a pocket all night. Nobody can make you hand anything over, and showing something is not the same as giving it away.",,Show the holder their own props before the party,Arrive knowing what you carry,provisional,O17a;O17b
V2M101,,,props,Written before the party,original,0,,Sam Vale,Sam Vale,,What you are bringing tonight,"These are the things you will have in hand on Saturday. The printed originals are handed to you at the door; these pictures are so they are familiar before then.

They are yours. Show them, trade them, or keep them in a pocket all night. Nobody can make you hand anything over, and showing something is not the same as giving it away.

The envelope is really sealed on the night. Opening it, and in front of whom, is your choice alone.",,Show the holder their own props before the party,Arrive knowing what you carry,provisional,O09;O09a;O09b
V2M102,,,props,Written before the party,original,0,,Morgan Shaw,Morgan Shaw,,What you are bringing tonight,"These are the things you will have in hand on Saturday. The printed originals are handed to you at the door; these pictures are so they are familiar before then.

They are yours. Show them, trade them, or keep them in a pocket all night. Nobody can make you hand anything over, and showing something is not the same as giving it away.

Show the board with its uncertainty labels intact.",,Show the holder their own props before the party,Arrive knowing what you carry,provisional,O08
V2M103,,,props,Written before the party,original,0,,Kit Rakes,Kit Rakes,,What you are bringing tonight,"These are the things you will have in hand on Saturday. The printed originals are handed to you at the door; these pictures are so they are familiar before then.

They are yours. Show them, trade them, or keep them in a pocket all night. Nobody can make you hand anything over, and showing something is not the same as giving it away.

Let other people examine the page. That is the only way it counts.",,Show the holder their own props before the party,Arrive knowing what you carry,provisional,O11;O13
V2M104,,,props,Written before the party,original,0,,Rosa Baptiste,Rosa Baptiste,,What you are bringing tonight,"These are the things you will have in hand on Saturday. The printed originals are handed to you at the door; these pictures are so they are familiar before then.

They are yours. Show them, trade them, or keep them in a pocket all night. Nobody can make you hand anything over, and showing something is not the same as giving it away.",,Show the holder their own props before the party,Arrive knowing what you carry,provisional,O18
V2M105,,,props,Written before the party,original,0,,Dr. Farah Haddad,Dr. Farah Haddad,,What you are bringing tonight,"Nobody hands you anything at the door. What you bring is your eye.

People will show you paper and ask what it proves. Your job is to say, plainly, what an examination can establish and what it cannot.",,Show the holder their own props before the party,Arrive knowing what you carry,provisional,
V2M106,,,props,Written before the party,original,0,,Manny Diallo,Manny Diallo,,What you are bringing tonight,"You will be handed one thing at the door: a small sealed parcel, labelled only with job SL-40117. It is the one Swiftlane keeps writing to you about.

Nobody at the party knows what is inside, and you do not either. Carry it, hand it over, or refuse to. That is your call.",,Show the holder their own props before the party,Arrive knowing what you carry,provisional,
V2M107,,,cheatsheet,Written before the party,original,0,,Arden Bell,Arden Bell,,Your cheat sheet,"# Arden Bell

This is your cheat sheet: the short version of your booklet. You will get it as a printed card at the party, sized for a pocket, so you do not need to print or memorise it. It is here early so you can read it before Saturday.

**Executive Director, Veridian Dynamics.** You are the composed, exhausted host, and you have spent fifteen years turning the question of who R is into funding and legitimacy.

## You win if

Two materially different commitments out of your guests, and a public statement from you on whether the Parallax restrictions are accepted or rejected.

## And also if

- Make the anniversary legitimate: public participation from one journalism figure and one neighborhood representative.
- Reach a recorded understanding with Nina or Celeste about disclosure, repayment or revised terms.

## Your first twenty minutes

1. Welcome Frankie personally, say the intake report is ready, and ask what public acknowledgement would feel honest before you offer it.
2. Find Rosa early and ask what Veridian would have to promise for neighborhood participation to be real rather than decorative.
3. Take Nina and Celeste aside separately and test whether either expects the restriction to be used tonight, without volunteering that you concealed it.

## Find these people

- **Nina Sen**: whether the restriction gets invoked tonight.
- **Celeste Park**: what City Hall was afraid of about this event.
- **Frankie Lowell**: the intake report, for a bounded and honest acknowledgement.

## In your hands

O15a archive intake report; O15b Priya's private note.

## You can trade

Archive access, the expense record, and the print vendor's proof sheet, which kills the theory that the invitation typography hides a machine key.

## You are hiding

You hid a Parallax donor restriction from your own board. The gift looks unrestricted, and it can be paused the moment Veridian states an unauthenticated technical claim as fact.

## Never say

That you knew the restriction could be used as leverage when you took the money.

## Watch for

Graham will turn one careless sentence from you into a market-moving claim. Validate nothing for money or out of panic.

## Your choice at the end

Save Veridian through compromise, or expose the funding arrangement and risk the collapse.",,Short version of the booklet; the printed card is handed out at the party,Arrive knowing your goal and first moves,provisional,
V2M108,,,cheatsheet,Written before the party,original,0,,Frankie Lowell,Frankie Lowell,,Your cheat sheet,"# Frankie Lowell

This is your cheat sheet: the short version of your booklet. You will get it as a printed card at the party, sized for a pocket, so you do not need to print or memorise it. It is here early so you can read it before Saturday.

**Retired metro editor.** You are funny, grandiose and territorial, and you have told the story of discovering R for fifteen years. Tonight you want to be a witness rather than a storyteller.

## You win if

Two people citing a bounded part of your account in public, with the expense-record contradiction addressed openly rather than talked past.

## And also if

- Get one provenance assessment and one competing interpretation of the First R Letter.
- Back or reject a claimant to the legacy, out loud, with your reasons stated.

## Your first twenty minutes

1. Ask Arden to pull the intake report and the expense record and lay them beside your letter packet.
2. Invite Jules to say why a successor deserves recognition, before Jules starts courting you for a blessing.
3. Tell Tessa straight that you want to know which parts of your newsroom story erased other people's work.

## Find these people

- **Robin Velez**: what Robin actually remembers about that night.
- **Tony Calderón**: compare the recurring habit in the ledger against what you saw.
- **Grace Okafor**: the fourteen-year handwritten challenge, and who kept it.

## In your hands

O01 the First R Letter; O12a early corpus clippings.

## You can trade

The First R Letter and the two first-year clippings, including the tide-table line no editor put there.

## You are hiding

The meeting you call meeting R may have been a paid performance, and your famous account has drifted with every retelling.

## Never say

That you now doubt your own meeting happened the way you tell it.

## Watch for

Kit will swing between calling your memory proof and calling it a cover-up. Correct anything that inflates your letter beyond period-consistent paper.

## Your choice at the end

Protect the career-defining story, or admit it may be partly self-authored.",,Short version of the booklet; the printed card is handed out at the party,Arrive knowing your goal and first moves,provisional,
V2M109,,,cheatsheet,Written before the party,original,0,,Tessa Quill,Tessa Quill,,Your cheat sheet,"# Tessa Quill

This is your cheat sheet: the short version of your booklet. You will get it as a printed card at the party, sized for a pocket, so you do not need to print or memorise it. It is here early so you can read it before Saturday.

**Organizer, the Night Desk Collective.** You are disciplined, dry and unimpressed by celebrity, and you protect the anonymous people whose work keeps surfacing under one byline.

## You win if

One concrete protection or resource secured, and two public acknowledgements that collaborative labor mattered.

## And also if

- Agree a safe disclosure boundary with Grace or another trusted intermediary.
- Set written or witnessed conditions before you support or oppose Jules.

## Your first twenty minutes

1. Ask Grace to set a shared disclosure boundary with you before either of you says anything about contributors.
2. Tell Jules that support is possible once Jules states what succession would oblige a successor to protect.
3. Offer Arden a direct trade: bounded workflow evidence for a concrete source-protection commitment.

## Find these people

- **Grace Okafor**: what workflow evidence is safe to show.
- **Eli Navarro**: what the activity logs cannot establish, said plainly.
- **Jules Kwan**: what rights contributors keep if Jules becomes R.

## In your hands

O02 Night Desk routing slip; O12b middle draft; O14 payment strip.

Peel the routing slip's contributor column one row at a time. Uncovered, it is spent in one show-and-tell.

## You can trade

The routing slip, one row at a time, or the middle draft with its three margin hands.

## You are hiding

You once let a frightened source believe the collective itself was R, without knowing whether that was true.

## Never say

Whether the collective was R. Neither confirm nor deny it.

## Watch for

Kit's collective-origin theory can expose real contributors. Correct the overclaims without ever confirming a name.

## Your choice at the end

Reveal enough to establish the collective work, or keep the secret and lose control of the story.",,Short version of the booklet; the printed card is handed out at the party,Arrive knowing your goal and first moves,provisional,
V2M110,,,cheatsheet,Written before the party,original,0,,Jules Kwan,Jules Kwan,,Your cheat sheet,"# Jules Kwan

This is your cheat sheet: the short version of your booklet. You will get it as a printed card at the party, sized for a pocket, so you do not need to print or memorise it. It is here early so you can read it before Saturday.

**Disputed successor to the R byline.** You are magnetic and ambitious and you make people feel they belong in your future. Tonight you want a claim that survives being examined.

## You win if

Explicit support from two people in different social groups, after you have let someone examine a genuine weakness in the message.

## And also if

- Show a meaningful part of the message to Eli, Frankie, Robin or Sam and take a bounded response.
- Settle with Sam or Morgan what Vale's involvement means, and answer it in public.

## Your first twenty minutes

1. Ask Frankie what responsibility, rather than what flattery, would make a successor worthy.
2. Offer Tessa a conversation about contributor rights before you ask Tessa for anything.
3. Tell Eli you will show the full header if Eli will give one bounded technical conclusion.

## Find these people

- **Sam Vale**: get ahead of the manufactured-succession question before Sam raises it.
- **Eli Navarro**: the header extract, for one narrow technical read.
- **Robin Velez**: compare the intermediary payment routes.

## In your hands

O03 succession message, body only.

## You can trade

The succession printout, and the Vale correspondence around it.

## You are hiding

Before the succession message arrived you asked Vale how an uncontestable succession could be manufactured.

## Never say

That you asked Vale how to manufacture a succession before the message appeared.

## Watch for

Kit will cast you as the human reporter taking R back from a machine. That flatters you in public and ruins your claim in fact.

## Your choice at the end

Claim R despite the uncertainty, or expose the message's weakness and keep your own credibility.",,Short version of the booklet; the printed card is handed out at the party,Arrive knowing your goal and first moves,provisional,
V2M111,,,cheatsheet,Written before the party,original,0,,Dr. Nina Sen,Dr. Nina Sen,,Your cheat sheet,"# Dr. Nina Sen

This is your cheat sheet: the short version of your booklet. You will get it as a printed card at the party, sized for a pocket, so you do not need to print or memorise it. It is here early so you can read it before Saturday.

**Founder of Parallax Systems.** You are warm, visionary and controlling, and tonight you want to keep Parallax from becoming the convenient villain while working out what your own system actually did.

## You win if

A defensible public position backed by one technical voice and one affected-community voice, neither of them bought with money alone.

## And also if

- Get enough from Eli or Celeste to identify an actual decision point in the authorization chain.
- Offer Grace a remedy that stays worth having even if the article never existed.

## Your first twenty minutes

1. Ask Arden whether the donation agreement can survive being publicly qualified rather than collapsing.
2. Offer Eli independent counsel in exchange for comparing one log excerpt against your authorization record.
3. Ask Grace what remedy would still matter if every rumor about R turned out to be false.

## Find these people

- **Eli Navarro**: what was preserved after the deletion order.
- **Celeste Park**: compare your half of the calendar recovery against the city half.
- **Grace Okafor**: a concrete worker remedy, not contingent on the mystery.

## In your hands

O07b calendar recovery, Parallax half.

## You can trade

Your authorization half of the calendar recovery, counsel, funding, and a bounded technical review.

## You are hiding

You approved a continuity project that reached R-associated infrastructure without close supervision, and internally the company prepared for the fallout instead of stopping it.

## Never say

That the continuity process kept running after Vale's temporary credential was revoked.

## Watch for

Graham and Kit will bait you into comparing notes casually. Trade only for firm social collateral: labor peace with Grace, shared responsibility with Celeste.

## Your choice at the end

Contain the deployment, or reveal it and take the institutional consequences.",,Short version of the booklet; the printed card is handed out at the party,Arrive knowing your goal and first moves,provisional,
V2M112,,,cheatsheet,Written before the party,original,0,,Eli Navarro,Eli Navarro,,Your cheat sheet,"# Eli Navarro

This is your cheat sheet: the short version of your booklet. You will get it as a printed card at the party, sized for a pocket, so you do not need to print or memorise it. It is here early so you can read it before Saturday.

**Former Parallax reliability engineer.** You are dry, sleep-deprived and hype-averse, and you want the narrow technical truth on the record without becoming the person it lands on.

## You win if

Two technically bounded statements made in public, each corroborated by someone non-technical, plus one missing authorization detail recovered.

## And also if

- Get a record or an admission out of Nina or Celeste.
- Correct one overclaim from Kit, Graham or anyone else without denying what the logs do show.

## Your first twenty minutes

1. Offer Nina one log component for independent counsel and the matching authorization record.
2. Ask Sam what Vale believed you had shown, before you explain what you think it meant.
3. Tell Kit you will answer one bounded technical question once Kit retracts one false claim in public.

## Find these people

- **Nina Sen**: counsel and the authorization record, for one log.
- **Sam Vale**: what Vale took the disclosure to mean.
- **Grace Okafor**: what can be said about evaluation labor without naming anyone.

## In your hands

O05a/b/c continuity logs; O03b succession header extract; O10b system-event card.

Keep the three logs physically separate. Each has its own limit line, and that separation is what stops one card reading as proof.

## You can trade

The three logs, one at a time, for real protection or corroboration. The header extract, for what it says it cannot attest.

## You are hiding

You kept the logs after a deletion order and showed part of them to Vale.

## Never say

That you broke a deletion order to keep the logs, and showed part of them to Vale.

## Watch for

Kit will push you toward confirming the whole human-to-mantle-to-machine chain. Parts of it fit your data. None of it proves the chain.

## Your choice at the end

Trade the logs for your own safety, or disclose enough to implicate powerful people.",,Short version of the booklet; the printed card is handed out at the party,Arrive knowing your goal and first moves,provisional,
V2M113,,,cheatsheet,Written before the party,original,0,,Grace Okafor,Grace Okafor,,Your cheat sheet,"# Grace Okafor

This is your cheat sheet: the short version of your booklet. You will get it as a printed card at the party, sized for a pocket, so you do not need to print or memorise it. It is here early so you can read it before Saturday.

**Data-worker organizer.** You are direct, impatient and morally serious, and you came for protections for the evaluators and contractors everyone treats as parts of a machine.

## You win if

Two distinct commitments, one institutional and one political or neighborhood, with the protected worker still anonymous at the end of the night.

## And also if

- Agree with Tessa or Eli what can be shared without identifying anyone.
- Get Nina, Celeste or Graham to say that the harm does not depend on an article existing.

## Your first twenty minutes

1. Ask Tessa to agree one sentence describing collaborative labor that names no contributor.
2. Show Frankie exactly one element of the handwritten-challenge record in the first hour, and watch the face.
3. Tell Nina you will discuss bounded testimony only after Nina names a remedy that exists independently of R.

## Find these people

- **Tessa Quill**: a shared disclosure boundary.
- **Rosa Baptiste**: compare what workers and neighborhood witnesses each need.
- **Eli Navarro**: technical truth that does not expose the worker.

## In your hands

O16a/b four instruction sheets.

Show one instruction sheet at a time, as protection is negotiated. Sheet 4's samples are missing and stay missing.

## You can trade

The instruction sheets, one at a time, with identifying detail withheld, and bounded worker testimony.

## You are hiding

You introduced Vale to a protected worker after promising permanent anonymity, and Vale vanished afterwards.

## Never say

That you made a promise of anonymity you may not have been able to keep.

## Watch for

Nina, Celeste and Graham will offer a remedy conditioned on testimony. Your worker asked for two separate written promises, because people keep the first and break the second.

## Your choice at the end

Expose the system, or protect people who never agreed to become evidence.",,Short version of the booklet; the printed card is handed out at the party,Arrive knowing your goal and first moves,provisional,
V2M114,,,cheatsheet,Written before the party,original,0,,Robin Velez,Robin Velez,,Your cheat sheet,"# Robin Velez

This is your cheat sheet: the short version of your booklet. You will get it as a printed card at the party, sized for a pocket, so you do not need to print or memorise it. It is here early so you can read it before Saturday.

**Voice performer and synthetic-media artist.** You are theatrical, observant and rigorous about consent, and you want acknowledgement for work somebody reused without asking.

## You win if

Two people distinguishing performance from authorship out loud, and one plausible path identified by which your material entered R-associated use.

## And also if

- Trade performance details to Jules, Frankie or Ash for payment or witness context.
- Give one disclosed demonstration that another player can read more than one way.

## Your first twenty minutes

1. Ask Frankie to describe the encounter in sensory detail before you say anything about yourself.
2. Tell Jules you recognise the shape of an intermediary payment, and offer a private comparison in confidence.
3. Invite the most skeptical person present to hear a short disclosed demonstration, then ask what it proves and what it cannot.

## Find these people

- **Frankie Lowell**: what Frankie actually remembers of the encounter.
- **Jules Kwan**: compare the payment route.
- **Eli Navarro**: what path could carry old recordings into later R activity.

## In your hands

O04 commission card; O12c late corpus clippings.

## You can trade

The commission card, a disclosed demonstration, and your professional read on the late pieces.

## You are hiding

You took money to let a witness believe you were R, and you never learned who paid.

## Never say

That you took the commission and let a witness believe they had met R.

## Watch for

Someone will suggest you generated the late R pieces yourself, because you are the room's synthetic-media artist. Your demonstration shows possibility, never proof.

## Your choice at the end

Expose the commission, or protect the client and keep control of the work.",,Short version of the booklet; the printed card is handed out at the party,Arrive knowing your goal and first moves,provisional,
V2M115,,,cheatsheet,Written before the party,original,0,,Tony Calderón,Tony Calderón,,Your cheat sheet,"# Tony Calderón

This is your cheat sheet: the short version of your booklet. You will get it as a printed card at the party, sized for a pocket, so you do not need to print or memorise it. It is here early so you can read it before Saturday.

**Bodega and package-counter owner.** You are sociable, proud and hard to rush, and you want an old account settled without outsiders taking ownership of the neighborhood's story.

## You win if

The account resolved by payment, a credible promise or a deliberate public forgiveness, with one neighbor backing whichever you choose.

## And also if

- Trade a bounded transaction pattern to Morgan, Graham or Frankie for something concrete.
- Reach a mutual disclosure boundary with Dee, Rosa or Manny.

## Your first twenty minutes

1. Find Rosa or Dee and agree what neighborhood detail stays off limits until there are protections.
2. Ask Frankie to describe R's supposed private habit before you mention the ledger holds something similar.
3. Tell Morgan you will discuss the pattern once Morgan sets terms on attribution and customer privacy.

## Find these people

- **Rosa Baptiste**: protection agreed before you talk to anyone official.
- **Morgan Shaw**: terms on attribution and privacy.
- **Kit Rakes**: when the ledger-cipher theory arrives, gather an audience before you open the book.

## In your hands

O06 account strip.

The strip is stamped WK OF 16 FEB 2025. So is Kit's notebook.

## You can trade

The account strip, Old Benny's voicemail about envelopes running through three hands, and the real context on collectors and pickups.

## You are hiding

You altered a ledger entry once as a favor, and your one loyal customer papers over several collectors who cannot all be the same person.

## Never say

That you took cash off the books and changed an entry as a favor.

## Watch for

Kit will read your prices and timestamps as coded movements. The $4.50 is a bacon, egg and cheese, not a coordinate.

## Your choice at the end

Sell the valuable version, or admit the ledger records several incompatible customers.",,Short version of the booklet; the printed card is handed out at the party,Arrive knowing your goal and first moves,provisional,
V2M116,,,cheatsheet,Written before the party,original,0,,Dee Nowak,Dee Nowak,,Your cheat sheet,"# Dee Nowak

This is your cheat sheet: the short version of your booklet. You will get it as a printed card at the party, sized for a pocket, so you do not need to print or memorise it. It is here early so you can read it before Saturday.

**Building superintendent.** You are quiet, sardonic and meticulous, and you want to protect a pension and a neighbor while telling the truth about a gap in the record.

## You win if

One promise of fair treatment, and a bounded account given to Morgan that another neighborhood witness corroborates.

## And also if

- Settle the unrelated secret with Rosa before either of you speaks publicly.
- Compare observations with Tony or Manny without agreeing on identities neither of you saw.

## Your first twenty minutes

1. Tell Rosa quietly that the audit flagged the camera interval, and ask to talk before either of you answers Morgan.
2. Compare one precise shift-change detail with Tony, and correct the first embellishment without embarrassing Tony.
3. Ask Morgan what fair treatment and a bounded account will actually mean in the final report.

## Find these people

- **Rosa Baptiste**: align on the real reason before anyone speaks publicly.
- **Morgan Shaw**: protection terms first, records second.
- **Tony Calderón**: compare shift times without inventing a customer.

## In your hands

O10a claims notice HS-3062-C.

## You can trade

The camera audit context and the claims notice about the service-crossing collision.

## You are hiding

You let a camera record from Vale's route go unpreserved, to protect a tenant's informal use of the building. It had nothing to do with R.

## Never say

The real, unrelated reason the camera record was not preserved.

## Watch for

The room will try to fold the camera gap and the later automated access change into one incident. They were separate events.

## Your choice at the end

Reveal the unrelated secret, or stay a plausible accomplice.",,Short version of the booklet; the printed card is handed out at the party,Arrive knowing your goal and first moves,provisional,
V2M117,,,cheatsheet,Written before the party,original,0,,Celeste Park,Celeste Park,,Your cheat sheet,"# Celeste Park

This is your cheat sheet: the short version of your booklet. You will get it as a printed card at the party, sized for a pocket, so you do not need to print or memorise it. It is here early so you can read it before Saturday.

**City Hall technology fixer.** You connect the people the org chart cannot, and tonight you want a coalition that holds without making yourself the story.

## You win if

Support from three different constituencies, plus one concrete policy or funding commitment that survives whichever ending the room votes.

## And also if

- Agree with Nina or Sam on what can be disclosed and who carries the responsibility.
- Steer Morgan away from the back channel with a plausible alternative, without Morgan noticing the steer.

## Your first twenty minutes

1. Ask Arden what Veridian can commit to in public if City Hall protects it in private.
2. Tell Rosa you need one neighborhood demand with a deadline on it, and ask what enforcement would make it real.
3. Propose to Nina that you compare your two meeting records and split the responsibility rather than both denying.

## Find these people

- **Nina Sen**: compare calendar records before anyone else pairs them.
- **Graham Pike**: ask exactly how the tip reached Graham.
- **Morgan Shaw**: find out what the client's route segment looks like.

## In your hands

O07a calendar recovery, city half.

## You can trade

Introductions, agency access, and your half of the calendar recovery, on your terms.

## You are hiding

You erased Vale's off-calendar meeting with Parallax, and the deniable back channel you built at City Hall may be the plumbing under tonight's rumor.

## Never say

That you built the back channel, or that it may sit under both the rumor and the false lead in Vale's route.

## Watch for

Anyone treating a political or market reaction as proof the article existed. It proves people are frightened, nothing more.

## Your choice at the end

Bury the channel quietly, or hand Morgan its paper trail knowing where it leads.",,Short version of the booklet; the printed card is handed out at the party,Arrive knowing your goal and first moves,provisional,
V2M118,,,cheatsheet,Written before the party,original,0,,Graham Pike,Graham Pike,,Your cheat sheet,"# Graham Pike

This is your cheat sheet: the short version of your booklet. You will get it as a printed card at the party, sized for a pocket, so you do not need to print or memorise it. It is here early so you can read it before Saturday.

**Activist short-seller.** You make the impolite financial truth into theatre, and tonight you want the R rumor to move Parallax without anyone tracing the fire back to your match.

## You win if

Two people outside finance treating the rumor as consequential in public, after you have survived a challenge about where it came from.

## And also if

- Buy a bounded technical statement from Eli or Nina without controlling its wording.
- Convince Arden, Celeste or Kit that what you did was analysis rather than fabrication.

## Your first twenty minutes

1. Tell Arden what public reaction would justify a pledge, and disclose your position before anyone finds it.
2. Ask Kit which part of the grand theory rests on evidence rather than repetition, and offer reach in exchange for visible corrections.
3. Bring Tony two separate offers, one settling the debt and one for bounded ledger access, and keep them separate.

## Find these people

- **Eli Navarro**: buy one bounded technical sentence, in Eli's wording.
- **Kit Rakes**: test which theories are load-bearing.
- **Tony Calderón**: ledger access, priced apart from debt relief.

## In your hands

O17a/b two incompatible fragments.

## You can trade

Money, debt settlement, market access, and an honest account of how the tip spread.

## You are hiding

You amplified the first tip past anything you could verify, and a rival desk is about to publish that your two fragment descriptions cannot come from one document.

## Never say

That you may have seeded the rumor yourself, or which handshake you are weighing breaking tonight.

## Watch for

Anyone offering to cover your position in return for a claim that R acted on its own. That money buys a history, not a fact.

## Your choice at the end

Admit the market tactic, or escalate a rumor that may be false.",,Short version of the booklet; the printed card is handed out at the party,Arrive knowing your goal and first moves,provisional,
V2M119,,,cheatsheet,Written before the party,original,0,,Sam Vale,Sam Vale,,Your cheat sheet,"# Sam Vale

This is your cheat sheet: the short version of your booklet. You will get it as a printed card at the party, sized for a pocket, so you do not need to print or memorise it. It is here early so you can read it before Saturday.

**Vale's former partner.** You are private, perceptive and protective of the person Vale actually was, and tonight you want to know whether Vale used you.

## You win if

Two Vale observations from independent sources, one false personal claim corrected out loud, and your own decision about what to disclose.

## And also if

- Learn Vale's relationship with Jules and with Eli, giving neither of them the whole private history.
- Compare the route with Morgan, Dee or Rosa and say plainly what is still unknown.

## Your first twenty minutes

1. Ask Jules to repeat the whole succession conversation before you show that you already know part of it.
2. Tell Eli you know Vale called R no longer human, then ask what evidence made that phrase sayable.
3. Set one boundary with Morgan up front: nothing personal enters the timeline without your consent and an uncertainty label.

## Find these people

- **Jules Kwan**: the real succession story, in Jules's own words.
- **Rosa Baptiste**: what the unlogged access was, and for whom.
- **Morgan Shaw**: what the client's evidence actually shows.

## In your hands

O09 sealed envelope (O09a and O09b inside).

The envelope is genuinely sealed and genuinely openable. Two loose items inside — you may show one and withhold the other.

## You can trade

The sealed envelope, Vale's dated message, and the fact that Vale told three people three different things.

## You are hiding

You helped Vale disappear once before and lied about it, and part of you does not want Vale found if this is the same pattern.

## Never say

That you helped Vale vanish before, or that you are not certain you want Vale found.

## Watch for

Anyone quoting Vale to you as literal truth. Vale used ambiguity as both weapon and shield.

## Your choice at the end

Protect Vale's privacy, or disclose what separates harm from a withdrawal.",,Short version of the booklet; the printed card is handed out at the party,Arrive knowing your goal and first moves,provisional,
V2M120,,,cheatsheet,Written before the party,original,0,,Morgan Shaw,Morgan Shaw,,Your cheat sheet,"# Morgan Shaw

This is your cheat sheet: the short version of your booklet. You will get it as a printed card at the party, sized for a pocket, so you do not need to print or memorise it. It is here early so you can read it before Saturday.

**Private investigator.** You are patient, skeptical and short of money, and you trust the fewest unsupported steps over the tidiest story.

## You win if

Voluntary accounts from three different social groups, one contradiction labelled as unresolved rather than solved, and a decision about what to report about the client.

## And also if

- Identify the client by trading limited timeline access to Celeste, Graham or Sam.
- Hold a voluntary case conference with two witnesses whose accounts conflict.

## Your first twenty minutes

1. Ask Sam what boundaries would make a timeline conversation possible at all.
2. Tell Rosa you want voluntary accounts only, and let Rosa name fair-treatment terms first.
3. Bring Tony one narrow time and place rather than the open question of what happened to Vale.

## Find these people

- **Sam Vale**: consent and boundaries before using anything intimate.
- **Celeste Park**: who stands behind your client.
- **Graham Pike**: whether Graham knows the client, without taking the money.

## In your hands

O08 route board.

## You can trade

The route board, shown with its uncertainty labels intact, and a clean line between what you saw and what you infer.

## You are hiding

One route segment your anonymous client supplied looks manufactured, and you left that out of the interim report.

## Never say

That you already know a client segment is manufactured and sat on it.

## Watch for

Anyone offering to pay for a particular ending. A purchase offer is not corroboration.

## Your choice at the end

Deliver the answer that was bought, or say the case cannot support one.",,Short version of the booklet; the printed card is handed out at the party,Arrive knowing your goal and first moves,provisional,
V2M121,,,cheatsheet,Written before the party,original,0,,Kit Rakes,Kit Rakes,,Your cheat sheet,"# Kit Rakes

This is your cheat sheet: the short version of your booklet. You will get it as a printed card at the party, sized for a pocket, so you do not need to print or memorise it. It is here early so you can read it before Saturday.

**Conspiracy broadcaster.** You are magnetic, exhausting and certain, and you believe attention is how a buried truth becomes visible.

## You win if

All six theories explained to the room, both dead ones retracted out loud, and two people recruited to investigate the full progression without taking your word for it.

## And also if

- Get one plain technical statement out of Eli, or provoke a public correction, without calling either one proof.
- Bring early journalism, Parallax and Vale's last route into one voluntary comparison.

## Your first twenty minutes

1. Give Frankie the complete theory in one breath, then ask for the single oldest observation Frankie still trusts.
2. Offer Eli a public correction in exchange for one bounded technical answer.
3. Ask Graham exactly where the article went from possible to certain.

## Find these people

- **Tony Calderón**: read the ledger line by line yourself.
- **Frankie Lowell**: what stays constant across R's changing story.
- **Eli Navarro**: one plain answer, no hype.

## In your hands

O11 theory notebook; O13 Vale-voice draft page.

Write your retractions into the notebook in red, at the table, in front of people. The space beside theories 5 and 6 is blank for that.

## You can trade

The notebook, the draft page for others to test, your audience, and a correction, which from you is worth more than people expect.

## You are hiding

You staged an anonymous source once, and two of your six theories will die in public tonight.

## Never say

That the ledger cipher and the invitation key are already dead, or that you once staged a source.

## Watch for

The moment your two theories collapse. Naming them dead, out loud, in front of witnesses, is how you win the room. Calling the correction part of the plot is how you lose it.

## Your choice at the end

Correct the false claims and risk the audience, or sell truth and nonsense in the same package.",,Short version of the booklet; the printed card is handed out at the party,Arrive knowing your goal and first moves,provisional,
V2M122,,,cheatsheet,Written before the party,original,0,,Rosa Baptiste,Rosa Baptiste,,Your cheat sheet,"# Rosa Baptiste

This is your cheat sheet: the short version of your booklet. You will get it as a printed card at the party, sized for a pocket, so you do not need to print or memorise it. It is here early so you can read it before Saturday.

**Neighborhood power broker.** You are who the block calls when an institution shows up, and tonight nobody learns your neighbors' names for free.

## You win if

Two concrete commitments out of Veridian, Parallax, City Hall or labor, and no neighborhood disclosure that did not buy something.

## And also if

- Agree a disclosure boundary with Dee or Tony before Morgan's questioning sharpens.
- Broker one meeting between a local holder and an institution, in exchange for a commitment.

## Your first twenty minutes

1. Ask Grace which worker protections and neighborhood demands reinforce each other.
2. Tell Tony and Dee that nobody speaks for the others, and propose a shared boundary before the investigator starts.
3. Welcome Arden warmly, then ask what Veridian will put in writing tonight.

## Find these people

- **Dee Nowak**: a disclosure boundary before Morgan presses.
- **Tony Calderón**: settle what outsiders are allowed to hear.
- **Celeste Park**: a written commitment before you lend City Hall any legitimacy.

## In your hands

O18 Yaz's list of four asks.

## You can trade

An introduction to a neighborhood witness. Never their cooperation, which is not yours to give.

## You are hiding

You arranged unlogged back-room and service-route access for someone whose identity you never checked.

## Never say

That you let an unverified person through the back room and the service exit.

## Watch for

If Sam connects your route to Vale's old escape plan, that is yours and Sam's to decide, not the room's.

## Your choice at the end

Keep the neighborhood's silence, or clarify Vale's route and spend it.",,Short version of the booklet; the printed card is handed out at the party,Arrive knowing your goal and first moves,provisional,
V2M123,,,cheatsheet,Written before the party,original,0,,Dr. Farah Haddad,Dr. Farah Haddad,,Your cheat sheet,"# Dr. Farah Haddad

This is your cheat sheet: the short version of your booklet. You will get it as a printed card at the party, sized for a pocket, so you do not need to print or memorise it. It is here early so you can read it before Saturday.

**NYPL digital-preservation archivist.** You are exacting about the line between an object, its custody and the story people want it to tell, and tonight an exam you never logged catches up with you.

## You win if

The First R Letter re-examined under documented conditions, and the anomaly disclosed on your terms rather than someone else's.

## And also if

- Count the hands in Tessa's middle draft and say in public how many and in what order, naming nobody.
- Correct two public conflations of dating with authorship, without humiliating the speaker.

## Your first twenty minutes

1. Tell Frankie privately that any public statement has to carry the limits of the old examination.
2. Ask Arden what documented archive access would require, before you say why you want it.
3. Ask Tessa what conditions would let you see the middle draft. Promise to count hands, not name them.

## Find these people

- **Frankie Lowell**: the letter's storage history, which may explain the trace innocently.
- **Arden Bell**: conditions for a documented re-examination.
- **Tessa Quill**: a look at the middle draft, on Tessa's terms.

## In your hands

You hold no documents. Your hands and your instruments are the equipment.

## You can trade

A plain-language statement of what an examination can and cannot establish.

## You are hiding

You examined the First R Letter informally years ago, recorded nothing, and found a trace consistent with a modern optical brightener in the fold.

## Never say

That the letter is authenticated. You date materials, not authors.

## Watch for

Frankie wants one precise sentence from you to carry a whole legend. Do not let a narrow finding become someone else's certainty.

## Your choice at the end

Disclose the undocumented exam and the anomaly, or keep your neutrality and let the legend stand.",,Short version of the booklet; the printed card is handed out at the party,Arrive knowing your goal and first moves,provisional,
V2M124,,,cheatsheet,Written before the party,original,0,,Manny Diallo,Manny Diallo,,Your cheat sheet,"# Manny Diallo

This is your cheat sheet: the short version of your booklet. You will get it as a printed card at the party, sized for a pocket, so you do not need to print or memorise it. It is here early so you can read it before Saturday.

**Delivery cyclist and freelance fixer.** You know the city by loading zones and service entrances, and tonight you want paying for the errand trail without the trail exposing you.

## You win if

Accounts settled with Tony, and one written protection in hand before you give up any route detail.

## And also if

- Learn from Dee or Rosa what the delivery address connects to before you hand the object to anyone.
- Trade one bounded route confirmation to Morgan or Grace for payment or protection.

## Your first twenty minutes

1. Set a disclosure boundary with Grace or Rosa before you mention the object at all.
2. Ask Tony to compare one transaction and settle one old balance.
3. Ask Dee which route practices can be discussed without exposing tenants or workers.

## Find these people

- **Grace Okafor**: protection, in writing.
- **Tony Calderón**: reconcile the half-records and settle the unpaid work.
- **Rosa Baptiste**: what the address connects to, before the object moves.

## In your hands

You hold no documents. The dispatch history in your head and one undelivered object are the equipment.

## You can trade

One bounded route confirmation, for payment or protection.

## You are hiding

Some jobs bypassed app rules and identification, and you are still holding an undelivered object you have never opened.

## Never say

What is in the undelivered object. You do not know, and guessing costs you.

## Watch for

Graham will turn a dispatch anomaly into a market claim by morning. Learn what Graham is buying before you speak.

## Your choice at the end

Hand the object over, deliver it as dispatched, or destroy it unopened.",,Short version of the booklet; the printed card is handed out at the party,Arrive knowing your goal and first moves,provisional,
